pi_1,pi_2,pi_3,pi_4,cloud_fraction
0.005895505732934629,-0.0004407138607685817,0.04946939063089488,0.0012271441929968786,0.2021484375
0.08544100925600648,0.0033786944430085927,0.04265938722786092,0.0010123560605833587,0.022031250000000002
-0.257308611524584,-0.00921976938208954,0.08726900570221197,0.0003794587087771724,0.9539794921875
0.1858208937600833,0.008838998322415963,0.039295273318319494,0.001091984430358034,0.013671875
-0.2646710689904479,-0.00926025936608246,0.6467787115906072,0.008589376147086315,0.8135986328125
0.6365000538019707,0.03246150526584831,0.032240196653489775,0.0010968285405819319,0.0
-0.24904149290114294,-0.009120836210545089,0.5198361675656186,0.006500504341002869,0.55755615234375
0.09410476978165266,0.0035443247147048267,0.43743742842768085,0.007976228398591263,0.2242187500000001
-0.022056017878358973,-0.0012643271904654294,0.028751301566949085,0.000793055290748041,0.5482177734375
-0.297666099320892,-0.008939491349638817,0.29529262374354726,0.002280305975837381,0.60198974609375
-0.13575890570831065,-0.005069304786097452,0.24998231853030178,0.004439307523085948,0.6246337890625
-0.2700271019802559,-0.008953318622334736,0.5280525424582027,0.005618308505959818,0.79931640625
0.03750928930091929,0.00012714211153777347,0.047778556811215143,0.0014207686546402031,0.3029687500000001
-0.05629455923097227,-0.002457253720932382,0.23816805486428133,0.005644761830820205,0.62640380859375
-0.16781593921314208,-0.006019198593632919,0.07750844362147424,0.0014781821594070912,0.6116943359375
-0.27282046379058356,-0.009072058315587921,0.6053632322341472,0.014433941162970015,0.759765625
0.8214080867887298,0.042519426391421325,0.01128752060858277,0.0005242009660812685,0.0
-0.035489560376640285,-0.0017476357315393972,0.23193737173583356,0.005582514272367023,0.41632080078125
-0.15114475893810728,-0.0054796945252165415,0.36721386559136016,0.005675402566703811,0.42486572265625
-0.020064942229683986,-0.003763220796194569,0.005096755017154204,-0.00012879000375461702,0.8993750000000005
0.03212104642308937,9.045404122847875e-5,0.11564345161695465,0.002220708609030487,0.3017187500000001
-0.197673548847231,-0.006935930774117443,0.45260311688739313,0.006550242146402407,0.50018310546875
0.10032616848930441,0.004029536097384173,0.05473518006103864,0.0007503788709756623,0.005625
-0.020844701740855728,-0.001169564625522161,0.09399808033559169,0.0022769977560009075,0.3387451171875
-0.2614587467703325,-0.008991793800112906,0.7315686609682218,0.006514231212833584,0.747802734375
0.020405041026989007,-0.00020427828605198628,0.019625043940477444,0.0005553011093450049,0.2723437500000001
-0.26429523157983775,-0.00901436358988065,0.4951973240577694,0.009065448932949544,0.6990966796875
-0.007638249758998109,-0.0008401150421482922,0.05377533194455491,0.0013136219584784072,0.24261474609375
-0.2943332503702763,-0.009817313325215342,0.7876591300987491,0.015875531242745655,1.0
-0.2582314285631882,-0.00895711182117791,0.10212298950675908,0.0020789801037912206,0.6820068359375
-0.0071011214130670686,-0.001707274012748198,0.029401588004024884,0.001234109099070102,0.5343017578125
-0.21366110618906867,-0.006527743515389811,0.2049809494350249,0.0011075372679854698,0.38824462890625
0.0933725057420232,0.003370096462763045,0.05383830950254516,0.0006268869602208478,0.0015625
-0.021628338845294953,-0.0012036325848093564,0.21524166240959047,0.005590636316329801,0.3775634765625
0.8380571603893757,0.04478693828323525,0.08637649270979819,0.0032484193964222763,0.0
-0.2800889784951746,-0.009311713992845798,0.32664299381106765,0.005115934404343836,0.7825927734375
0.0188046865249722,0.0002515053544674125,0.09857109002985599,0.0023609670865580457,0.2071533203125
-0.2438226926080975,-0.008620679521092607,0.7714700893584265,0.007199736238888605,0.36126708984375
-0.2737180983916218,-0.009378421392974793,0.5995591442275895,0.007816312131595357,0.87127685546875
0.12532331725364854,0.005413631155310652,0.07891674933600241,0.0019207347603579874,0.021718750000000005
-0.2814585989320304,-0.009214530563791104,0.7441258569200431,0.022950842509072793,0.927490234375
0.06631592009936327,0.002411340745904158,0.014587594519454846,0.0004943855429784177,0.06796875000000002
-0.25900465116881066,-0.009035647059777335,0.09751590924443834,0.0019661245362459254,0.76312255859375
0.905171993139571,0.0465013744148509,0.026633851737640227,0.001149888774060484,0.0
-0.01535501853442449,-0.0032202313854018134,-0.0234796499497333,-0.00024393748657338475,0.8925000000000005
-0.00845222087526215,-0.0019538286325788004,-0.0007483134382214972,-2.423424172877401e-5,0.8350000000000004
0.14108093707509678,0.006269403052282757,0.07842351773918549,0.0018910340164386634,0.01734375
0.0017294284376939365,-0.0009981020020713516,0.012335382932204354,0.0005208166684542039,0.3546142578125
0.8386131086052353,0.04496581691407669,0.04044365307875199,0.0015402419462522917,0.0
-0.06621853019050512,-0.002644112720442262,0.06683327641566461,0.0008599819381100881,0.2196044921875
0.01737093459617501,-5.506686655408084e-5,0.007364439062518205,0.00030057258963319284,0.2349853515625
0.1512967063375642,0.006605581731821298,0.052796654167878536,0.0018314489819704842,0.02337646484375
-0.2765211660342739,-0.00917387391533675,0.7730465304500617,0.015577379556536678,0.81805419921875
0.7428984343203663,0.03812797986024629,0.005952628465282494,0.00025967479347786164,0.0
0.13369077359993534,0.006077715101418963,0.08765383005471718,0.001982771953340672,0.004062500000000001
-0.20609575139253622,-0.007111017589809447,0.07270412977103576,0.001053852512962501,0.521484375
0.22568411913303668,0.010994496547064704,0.007171578497317038,6.702474875455803e-5,0.0
0.014580058515772949,-0.0008366025884680614,0.00744054464960951,0.00043554391900648077,0.260986328125
-0.14585890424239087,-0.005371351118432882,0.41573575188047146,0.006306026285537359,0.45947265625
-0.25702936003552473,-0.009062497824679785,0.19885090017650303,0.0006643234275869609,0.7576904296875
0.2385207293731584,0.01179011167218344,0.010631510696609291,8.862949681730738e-5,0.00296875
-0.2913538876156158,-0.009711753388354664,0.6373880748790929,0.011092183341736027,0.94805908203125
-0.028867207742048206,-0.003606515950934563,-0.0015102353664662284,-2.860042445559731e-5,0.9965625000000005
-0.21433127819777245,-0.0070673969659885705,0.1596926542405261,0.0007616106071979996,0.11126708984375
-0.2480457685660162,-0.008964489942139905,0.4467355875470045,0.00686567798017852,0.52777099609375
-0.05667619976856728,-0.007760819518865745,0.049281645860668376,0.0026199529146622084,1.0
-0.02592764454483554,-0.003605602999610891,0.0037664515551510042,-0.0001870997347460043,0.9470312500000004
-0.2543211800698092,-0.009240830505307407,0.4581332970334358,0.006746185814851304,0.89239501953125
-0.14306189397187527,-0.005186285999932756,0.36603339350428066,0.007822356263337955,0.47296142578125
-0.12102821318906237,-0.003682499995577498,0.19282854248942133,0.0007708015934523673,0.201904296875
-0.01871685804506537,-0.0013557831777797108,0.05773374450022412,0.001339601823636103,0.2421875
-0.008929005049692238,-0.0008863892258703672,0.13577577514675263,0.005865500133943292,0.72381591796875
-0.0371290292301017,-0.0017904394079314842,0.2187464762561988,0.005596986837232565,0.5048828125
-0.022685459375961132,-0.00392767121693434,0.0005814712637495736,-2.62740308802449e-5,0.9551562500000006
-0.2622592330635973,-0.008863815773933133,0.7646047376469658,0.011673523345536941,0.6190185546875
-0.33960501756422967,-0.010297070898987898,0.3336416197950498,0.0007629985337226663,0.742919921875
0.69685490583263,0.03696645717921899,0.05459477712575409,0.0022839697908033185,0.0
0.0021693204004299225,-0.0013658218772254168,0.002365834390059006,0.00014446318898268974,0.5392187500000003
-0.05850730258860929,-0.007049569296764598,0.0028439566878247723,4.564405067633596e-5,0.9795312500000004
-0.24287907690839772,-0.0086519402752449,0.5991222968627333,0.0070645512964838345,0.43072509765625
-0.004571148533266237,-0.0007681240115203888,0.08848750320218428,0.006067179585823127,0.64288330078125
-0.25971325689570196,-0.009153498847685718,0.20510845743750192,0.0006574081158560051,0.87066650390625
-0.0685374136978294,-0.0026655684715764217,0.06565199864104046,0.0007550005020885733,0.22857666015625
-0.009645553138481748,-0.0019153306435481586,0.07276608636360359,0.0034477036938997297,0.75457763671875
-0.028087175415279764,-0.004180223078068647,0.06641281401778956,0.001774621675889537,0.8571875000000004
0.14593377170559751,0.006680113812974976,0.06235960086035881,0.0016198278906047123,0.01718750000000001
-0.18398928807836407,-0.006521114461428952,0.2845674342769363,0.005027781810703394,0.6353759765625
-0.19886122628193942,-0.0069061136775262315,0.06364330426028968,0.0008965145098848682,0.54132080078125
-0.03294614940193709,-0.004308373351145323,-0.0005843843440301934,-2.2619349373326667e-5,0.9993750000000005
0.2394434235762455,0.011898513793179256,0.002687185389760526,3.270466422584328e-5,0.0
-0.024082051433433786,-0.001351099973478424,0.17506318276577168,0.0056766352686906645,0.482177734375
0.5922379693304223,0.031437774604980005,0.08978573741557365,0.0031186450362835315,0.00048828125
-0.0980327433526961,-0.003501382530599174,0.049382813720960234,0.00042892605562698007,0.2608642578125
-0.2557423435337894,-0.008925578318796102,0.6591765537186182,0.00732414845244905,0.6151123046875
0.0322814455305032,7.665181598360113e-5,0.14953560567378346,0.003229006113995787,0.4198437500000002
-0.1561914842372142,-0.0056547916396528005,0.3560527409978838,0.006348979332958605,0.44635009765625
0.7433496273195718,0.028232092927334383,0.02024759541593752,0.000466922702591145,0.0
-0.27034809413227334,-0.009260263070126628,0.604826264348541,0.007750077174929725,0.7860107421875
-0.27831936784870404,-0.009346518692438388,0.8396358321543465,0.010208397548075359,0.859619140625
-0.25114129021156645,-0.008942628442908985,0.4645499468276179,0.007298510093628296,0.57916259765625
0.00020795774421347678,-0.0005865750679657513,0.06788117463428545,0.0016135904222741016,0.36334228515625
-0.26788414610143557,-0.009305951150854542,0.6575242987897307,0.008437085504818694,0.852783203125
-0.006514758389115518,-0.0016934070852702538,0.001581479449741341,2.5696540583184634e-6,0.8039062500000004
0.0021678920026150573,-0.0009071222308293916,0.011196971291004523,0.0004401802865254735,0.24658203125
-0.2729680914238603,-0.009329968510066757,0.7049287467060423,0.009082846197926032,0.8670654296875
-0.27933516198584646,-0.0094170642719509,0.17173561429258652,0.0003843677963856627,1.0
-0.2762597359878941,-0.009073090044091363,0.834555652924153,0.019197045633523726,0.77288818359375
-0.24879349683574367,-0.008833636339847602,0.29951967251019634,0.002548124149829071,0.415771484375
-0.31768544138747584,-0.010291888609450059,0.6057953329572513,0.015602389912309155,1.0
-0.1336679629619972,-0.004826730151923299,0.40417367782000324,0.007275054995962723,0.33746337890625
0.17684169662177646,0.008109877406287673,0.0,0.0,0.0
-0.17291518264028224,-0.00539502757378283,0.21114205314870524,0.0007740162258437391,0.28155517578125
-0.00925080121643691,-0.0021451851277252383,-0.008948833631887167,0.00021428308714320978,0.8004687500000003
-0.19112715483464648,-0.006698600471822868,0.06036411157180015,0.0008414060208336302,0.7410888671875
-0.1946713720701144,-0.006743690236064879,0.4427833503526432,0.005106385849191839,0.34747314453125
-0.017443453224763556,-0.001113191856238593,0.1754499612372739,0.005028202878178638,0.50299072265625
-0.04878841017278918,-0.004788346744237397,0.1757811421293035,0.007009840093696494,0.913818359375
-0.07113662354501148,-0.002641135837759403,0.10715777791547489,0.001287890285086227,0.20819091796875
-0.27848820425405135,-0.00811905372047003,0.1855909642729829,0.0021153008180343643,0.4700927734375
-0.23136169607031204,-0.007871288493975373,0.4483910312172484,0.00644621700636992,0.77056884765625
-0.4270026880464337,-0.013043601062238369,0.3358730876445051,0.001230234019309286,0.84930419921875
0.8393929907194139,0.044756670573106935,0.009705112079911458,0.0003737041329122686,0.0
-0.007688111051269454,-0.0020256705083043455,0.0016228676455190064,0.0003170841032779873,0.8451562500000004
-0.023237248113774193,-0.0013050602529195061,0.18861115842434176,0.006931645779126393,0.384033203125
-0.006887231179598287,-0.0017295761135837475,-0.00016860581663027006,2.8765149447860483e-5,0.7854687500000004
-0.20939702720661837,-0.007188400686138455,0.26537790308257075,0.0024033493591603394,0.2991943359375
-0.2656657176131523,-0.009294059935217697,0.6418392775206944,0.0083844701575993,0.85345458984375
-0.04441919125702013,-0.0020448560119161775,0.18461434895490866,0.004213498425549881,0.53082275390625
0.015199901064860792,-0.0009678932363997392,0.0030776052199423887,0.000441703591961618,0.4450000000000002
-0.274193126550823,-0.009003890749997622,0.7030797217033313,0.022468538002082882,0.71112060546875
-0.048363047472803705,-0.0021296334099970603,0.12436768299536727,0.0028354571666440558,0.30389404296875
-0.03316682348506582,-0.0016138421055390333,0.25432668657403235,0.00611434604152248,0.43341064453125
-0.2073048207109635,-0.007170973472141011,0.41821809498439844,0.006474981666151194,0.5955810546875
-0.010712227082854651,-0.002189091065451462,0.00017749221650708086,-2.9907404290653842e-5,0.9923437500000005
0.12313468551714103,0.005476039842346886,0.021649351984738725,0.001122482357832577,0.019062500000000003
-0.25219109903323883,-0.008844304197515295,0.6264061274113704,0.007156184437309721,0.54339599609375
0.30102512026011313,0.015309176785872907,0.11401236550332064,0.0026229746103600166,0.006562500000000001
0.8614678029624839,0.0452583376548291,0.0067914528207783185,0.00026998253731278594,0.0
-0.3013172493146518,-0.009917021337937827,0.644242876991919,0.01396574338200491,0.9833984375
-0.25239245881808203,-0.0091166508389031,0.5521852305821929,0.006987765190657319,0.58721923828125
0.09378884229800308,0.0037728954056102065,0.03325103650893426,0.0009433119221789419,0.025468750000000002
-0.26838031728429795,-0.00922083294601774,0.5686693452756633,0.007332121574469252,0.76690673828125
0.000454700263677448,-0.0007581376951158798,0.010160837115351012,0.00034558432048346514,0.26531982421875
-0.0699487486787737,-0.00291745669671124,0.15649055240738707,0.0030188413364295864,0.49224853515625
-0.021190919187366566,-0.0036411504844973985,0.03404405531003777,3.5791501777429554e-5,0.8998437500000005
0.9125171004559518,0.047503913803813275,0.013737400617533672,0.0006464471174867521,0.0
-0.2654505335329666,-0.009210131301759445,0.5769077708782643,0.006733890723060139,0.7908935546875
0.92336888903328,0.04799727009390318,0.026910653977961302,0.0012336464966770458,0.0
-0.2519643000511765,-0.009000143422525983,0.11613111845354462,0.0005127909089028312,0.873046875
-0.02885500727151001,-0.0014834506906223229,0.2139725408954714,0.004792285649602854,0.35028076171875
-0.22255072670672804,-0.006308266688209397,0.5492828014299239,0.005129805269068905,0.28411865234375
-0.25008524293065043,-0.009107421761525897,0.5360156394242027,0.006855133074361515,0.54229736328125
0.147693286779034,0.006481455985876087,0.010260739540774961,0.00014106036379103737,0.0
0.207138351483396,0.008064067695580143,0.06379093079713226,0.0010989574648919663,6.103515625e-5
0.02961980405219496,0.000677320899739632,0.03521456284177891,0.0009212231672207096,0.2071533203125
-0.006069191382797618,-0.0009901071004803728,0.12598956104338904,0.0037793234528506053,0.3260498046875
0.13086943046211907,0.005826154461406113,0.0839700595490606,0.001953651534326833,0.0159375
-0.26680403224418264,-0.009008190925852099,0.5136334588030111,0.011196642644554285,0.70086669921875
-0.323065198271541,-0.00997167480140986,0.1876786391981217,0.0009654983316146031,0.8466796875
0.09054426826513538,0.003731217119486352,0.04261911517366577,0.0011152098924462615,0.004062499999999999
-0.2501671745208466,-0.009182420284697606,0.5183137883258422,0.006813369537669555,0.58050537109375
-0.01795961964855167,-0.0034472504605087815,0.007555305329702717,-0.0002772163361530086,0.8492187500000005
0.0913719025550583,0.0034014604275461385,0.04467185271638701,0.0013405407225144412,0.024062500000000007
-0.26615709188657344,-0.00925086853346794,0.13732413025848253,0.00031721704264870586,0.917724609375
-0.031943336257869444,-0.0015541762422365615,0.14614322341871272,0.0018241341976016222,0.201416015625
-0.1659078669102736,-0.005899250069847743,0.23568091250309767,0.0028903986606929675,0.2733154296875
-0.25920064252685393,-0.009074193597529688,0.08310681132725181,0.0017510106156578013,0.82666015625
-0.11041698692920944,-0.004206468319279943,0.30063750402107864,0.005624317650615175,0.466064453125
-0.0888638359352461,-0.00351960621456743,0.25848876403095045,0.005381474600738913,0.473388671875
-0.011892554134526133,-0.0009287983727160162,0.19255046263155812,0.005739683184147682,0.5303955078125
-0.10760594089331471,-0.004044492876896986,0.3612942347047298,0.006970853084679507,0.38092041015625
-0.12286657428776841,-0.004649227701137819,0.35625624956220686,0.0059409295044701525,0.4532470703125
-0.2597783007620637,-0.008980999502666082,0.56561928865949,0.014025533443728956,0.68475341796875
-0.003141947825295298,-0.0013583932227821472,0.0008526430442775272,6.986282461940408e-5,0.6746875000000003
0.0022926744322441578,-0.0009318300863315318,0.04033919447431949,0.0015398855825406721,0.4248046875
-0.037272568579580515,-0.005022834276011518,-0.0008900585200235258,-0.00011350687679164162,0.9981250000000006
-0.09406336624852579,-0.003416629011941394,0.05580992003183316,0.0004950146796102384,0.22760009765625
-0.24907012423045455,-0.008955677304106027,0.442428502434622,0.007231195078093975,0.54693603515625
-0.043346721116620655,-0.002012283069511758,0.014900037376798585,0.0003092734973415241,0.49139404296875
-0.0022203824697064807,-0.001052816681896823,-0.0008132569204841182,-0.0001261427406288599,0.9735937500000006
0.7461141572320656,0.04032530685777305,0.10852995431188198,0.0037528823951936156,0.0
-0.27915738058617373,-0.009248235647599043,0.8901401246257007,0.014818540475372784,0.7313232421875
-0.011215549717482553,-0.0021446867147789485,0.023234133674763048,0.0006527716628311735,0.8460937500000004
-0.044542051556359506,-0.002010761264930906,0.11664750048521952,0.0028037344345485577,0.31927490234375
-0.14682361742691744,-0.005337977806728977,0.0713382553267581,0.0012234038261927614,0.5062255859375
-0.012045790592408694,-0.0033827876063563327,-0.0001390680241225132,-3.0724595243216004e-5,0.9307812500000006
-0.11585532424373755,-0.004438435998935464,0.3725434446878069,0.0062998575127380845,0.456298828125
0.03859155231723722,0.00050268134449051,0.04784013058296284,0.0012757736162015542,0.32625000000000015
-0.006566729107838288,-0.0021513510840328637,0.07022649931826602,0.004005266137036075,0.7137500000000004
-0.260093833357136,-0.009083184152058903,0.4558482813766604,0.0065885896099343476,0.71307373046875
-0.25802027473094996,-0.009048556113337105,0.45126658195056824,0.006086917583406903,0.67608642578125
0.20853898950966812,0.009992913380503362,0.006986770683735593,8.266291422973004e-5,0.0
-0.1395000679170204,-0.00437155643308603,0.1700202668394598,0.0006667359519652704,0.23297119140625
-0.019144880913513598,-0.001176696298900572,0.15198839368773742,0.004766928324673254,0.54998779296875
-0.2266160972449172,-0.007689379669921839,0.46017079907115616,0.006593912284562034,0.37176513671875
-0.2080673732084328,-0.007195451225530799,0.3754997262793886,0.00652590381842942,0.60028076171875
0.13674927172954301,0.005930977994222735,0.02496322906964014,0.0003071725965898218,0.0
0.9140644242127998,0.030390461886084026,0.17502989560060325,0.005534420063996054,0.0
0.22077094726671526,0.01076035602215795,0.052405166721792386,0.0014537332737517786,0.0
-0.04848398686171843,-0.006963741131863368,-0.005230069377184932,-0.0008475145417331578,0.9970312500000005
0.7822815614229326,0.04215964742990726,0.03555648257397938,0.0016849737507556263,0.0
-0.23176375476601796,-0.007110990010962096,0.10198316743184473,0.0008893071155817277,0.2923583984375
-0.02897761739083534,-0.003907925967424153,-0.0002627917657151489,-8.641564216351837e-6,1.0
0.12557723880711513,0.005716668906674354,0.026326209868113317,0.0006581674064379795,0.0165625
-0.25830241859375863,-0.008914392730322693,0.725296098499246,0.008314215135481149,0.6700439453125
-0.07777254029232951,-0.0031233542097661624,0.2703030897873148,0.005554909564709779,0.42388916015625
-0.28211293633137746,-0.009552878589683232,0.7490632139306515,0.010218771313893019,0.96484375
0.0931423365200222,0.003456596939277683,0.0035928496137851303,8.729270626309146e-5,0.010000000000000004
-0.2627677319128636,-0.009087178878446464,0.5956918847972735,0.007885383468794666,0.67388916015625
-0.16939706637694793,-0.006087944803309592,0.42630972175024623,0.006601554410161602,0.44384765625
-0.25511927783661825,-0.009097835779569907,0.07693279029160824,0.0013344678411322175,0.74859619140625
-0.25078810783818445,-0.009001276267140585,0.37480869668951927,0.005410789060818417,0.5732421875
-0.21130386765594472,-0.007291383288098151,0.42742828843372427,0.00638174009901755,0.66632080078125
-0.08271000193243827,-0.0032280411256815117,0.023797796591275757,0.0002658174796076187,0.20355224609375
-0.1397182848699559,-0.005038212496005074,0.4303216726368919,0.006820286344539794,0.36517333984375
-0.14230035290951903,-0.005209902807790246,0.06473843204337609,0.001151194579096386,0.5328369140625
0.020592426512090447,-0.0006384298604108112,0.005732617125383616,0.00035215163592748465,0.21937500000000007
-0.045910032876334654,-0.002060818184094206,0.3014500486074762,0.006427205481422123,0.32476806640625
0.12046181007177713,0.005317340106466233,0.04779784348021713,0.0014156261252888443,0.008906250000000001
0.0014991393234403665,-0.001374105583871538,-0.00014587974961726728,-4.343267068358236e-5,0.6432812500000002
-0.29015244019014125,-0.008660434411847502,0.22677128598687524,0.0017747934791234202,0.5733642578125
-0.25368719584584065,-0.008921540787931306,0.2521183949809958,0.0009383369623342592,0.655029296875
0.032327336910560736,0.0004334396282758062,0.0022371346438718083,0.0005342240939490977,0.2603125000000001
-0.26014852211298284,-0.009021410768227593,0.8631927987922345,0.008348507155266506,0.631591796875
-0.006379190596668642,-0.0006716842895446296,0.1846658050410518,0.003846727409736604,0.35528564453125
0.9027634135536078,0.046596184121885056,0.025738396498382738,0.001128223319894496,0.0
-0.029911373154227903,-0.004793617380651867,-0.026840356622759683,-0.001021707221104158,0.9990625000000005
-0.27051598261491505,-0.009298926917857817,0.612509008282871,0.00818524887219035,0.8233642578125
-0.2295104536208255,-0.006753568447356199,0.2755347279867032,0.00299014245891505,0.38360595703125
-0.26600602361121334,-0.009079947002005932,0.6860942034909471,0.009413596587587923,0.720947265625
-0.19015428234410134,-0.006616553105935472,0.2516928990791083,0.002795840257887529,0.2747802734375
-0.2613559197304498,-0.009223431519068877,0.6234671374051658,0.007440034514139163,0.76837158203125
0.8180886325369083,0.04224132698134778,0.12042210369704591,0.004110184069892018,0.0
-0.2560038676295838,-0.009061378880973513,0.4280170947841746,0.005630370393291741,0.6744384765625
-0.2630551417897561,-0.009223236785723331,0.6344478415926643,0.007681314407568024,0.79339599609375
-0.29674287507209657,-0.009841454313623476,0.789594255148162,0.015165272972160042,0.98895263671875
-0.26375256300515365,-0.008879768253274387,0.27373183270564166,0.0032015817654860524,0.64764404296875
-0.26578818892131756,-0.00905294058271582,0.3223853419129803,0.0028292907853273075,0.69244384765625
-0.17008693948337422,-0.006076637398564103,0.31699514882688923,0.00593137968572735,0.620849609375
0.0011840230016935864,-0.0007460634207363876,0.012753914172648704,0.00042661884240060763,0.31243896484375
-0.15881327205732668,-0.004928874120132291,0.21456167791778338,0.0007908200332700098,0.34271240234375
-0.2831517033981633,-0.009301874684832697,0.9547090326152051,0.01901009596707048,0.75762939453125
-0.24973598249022028,-0.009062777520281212,0.4577283960270972,0.0066993005503380824,0.53985595703125
-0.2554738663125831,-0.00914990571650998,0.5829607307433547,0.007085777176437756,0.65972900390625
-0.005724069553466912,-0.002163392993632633,0.003629721969564143,0.00010573609370515417,0.7493750000000003
0.14824029997441138,0.006314277227477985,0.08951836328868396,0.00177631081306326,0.01605224609375
0.07995324920420525,0.0030150426762714237,0.04365355725494336,0.0010398247383286768,0.03046875
-0.2750289734704209,-0.009420049070632503,0.7177571517895271,0.010626680461530905,0.93353271484375
0.8603210821782535,0.04577610357411491,0.19260121223017027,0.009109346031059165,0.0
0.8457884786925438,0.033501866191686956,0.02468706737886063,0.0006732313968163007,0.0
0.8366794132132302,0.044641763205834434,0.024656429819646438,0.0012767299502764399,0.0
-0.24997215032360393,-0.008836934695463022,0.4918558433134523,0.008500611203363442,0.46002197265625
-0.2677577066662975,-0.009310277202697826,0.6631057114948012,0.008963418685729392,0.8609619140625
-0.31982795364148187,-0.010352911423725067,0.9659737139197623,0.02703155821157712,1.0
-0.14613122736468517,-0.005378138069692356,0.2512301068149371,0.004291665408933833,0.6173095703125
0.0360911529977,5.840451640174384e-5,0.0746806104279116,0.0016849015150647662,0.2573437500000001
0.5529154120297564,0.02872631768117557,0.09361315536513784,0.0032663747006664886,0.0
0.04765994015500139,0.001257971952320427,0.16420806850728217,0.0031500067020413095,0.24906250000000008
0.9204044223682366,0.048373123313788846,0.01161982042528714,0.0005994969007705937,0.0
-0.19330286582382267,-0.006230933370117257,0.18019865515757233,0.0009100067658043586,0.21478271484375
-0.005295425616041236,-0.002957676262515359,0.07573423693385689,0.002579022993554861,0.7167187500000003
-0.27875470690453974,-0.00921132308299722,0.9177691567211727,0.022328753387563426,0.83953857421875
-0.00043892579614132393,-0.0010090997518459608,0.030280230582220298,0.0011541768608474823,0.38592529296875
-0.2647890817646946,-0.009123843751931038,0.698585260184385,0.009115634434025613,0.78118896484375
-0.007121754484800867,-0.0009270616869814912,0.12635112227055992,0.0047001410688490034,0.392578125
0.1068675798950132,0.0043316054013023,0.06124769174606899,0.0009098715808754016,0.03125
-0.2633003880432834,-0.008906162315598539,0.564873254277622,0.018555046901886325,0.65875244140625
0.002960295937608882,-0.0026409507047018012,0.06488446610304036,0.00122234344830959,0.6962500000000004
-0.2644523665542715,-0.009250772373391919,0.21038805566364305,0.0014044820188094422,0.8380126953125
-0.015078029843863928,-0.0030204108484522627,0.054971622120942885,0.001970857667941035,0.69854736328125
-0.28225105338011547,-0.009486445789723729,0.6242559568242402,0.009230193699456475,0.88348388671875
0.9039296977411913,0.048454516093444686,0.10749749715792241,0.006910904522012134,0.0
0.7834214277891247,0.04139686148318994,0.03986479697636544,0.0016188496911144542,0.0
0.0644129723359334,0.002059751149527919,0.03736073374506243,0.0009877145900747545,0.12781250000000005
-0.013727330463004903,-0.0028695009399937097,-0.009186541354354929,0.0001502090127601704,0.9979687500000005
-0.05701710769173775,-0.0024506349060153675,0.0650817016474117,0.0016486427371850923,0.56109619140625
-0.27292272962922914,-0.009321411413990743,0.6122307239192508,0.0084197855925174,0.83941650390625
-0.01691298703039028,-0.003532635490418019,0.13016358061412459,0.006451296592926064,0.7781250000000004
-0.006432787055213132,-0.0009215803837242674,0.024477813311331136,0.0006717950120418634,0.2608642578125
-0.28444871151393214,-0.009347635067938037,1.039317633217604,0.029615929335894946,0.914794921875
-0.2603732854796247,-0.009093301579573993,0.8390269800373836,0.008135133963287163,0.69122314453125
-0.2692544174910431,-0.008970456790692955,0.8729928127541655,0.019878355626153067,0.79949951171875
0.13261215321099912,0.005745409018642212,0.06323629011217899,0.0015919045534208338,0.02375
0.7821255261507433,0.040274420711363876,0.10505941605412968,0.0037196148657897108,0.0
-0.08684773443310972,-0.003470432900160623,0.2948401742475172,0.005908285552542641,0.6300048828125
-0.2729896893654599,-0.009290941914262102,0.5922688362850842,0.00808888909313504,0.8289794921875
-0.22123795007125646,-0.007951675532562139,0.2125251798797966,0.0015334895593633138,0.23968505859375
-0.2874379529690153,-0.009655311178903753,0.7539168027582355,0.012681332987598628,0.9727783203125
-0.2707016764657791,-0.00919090656115254,0.5027226091558482,0.009879062390625588,0.8609619140625
-0.24533499163434103,-0.008963690231624521,0.6909280355736929,0.00618727878478201,0.45379638671875
-0.02969342861019693,-0.0012652655020499223,0.029305556158096522,0.00035807196193817756,0.138427734375
0.015683364941586554,-0.0007930088283588262,0.011091945638810918,0.000589437620873927,0.3920312500000001
-0.26402312386877425,-0.00920175002318191,0.6469875806223514,0.00841966278861131,0.74993896484375
-0.017035562057217173,-0.0010475438067005251,0.05703423314922501,0.0012464052033517648,0.2572021484375
0.6736457423347494,0.03486817814761925,0.07133920595041242,0.00305570336580265,0.0
-0.3178188046962793,-0.010258163738157154,0.654470093829981,0.01682140631381836,0.99542236328125
-0.2809717097945933,-0.009514028385223751,0.7427726840550927,0.010206416549093942,0.92041015625
-0.023640534806029043,-0.0033628605419095637,-0.0009383376053190382,-1.2632051972209576e-7,0.9993750000000006
-0.2551221705947211,-0.009127877640152469,0.48694174994976375,0.007416590912100005,0.7138671875
-0.2576536300093864,-0.009019305779308031,0.4597117824282593,0.0068141948319941185,0.6658935546875
-0.2784590517574418,-0.009294094943897538,0.9346688464812425,0.01438889636220607,0.78302001953125
0.21137937944435775,0.010117818461383701,0.007962856002665983,5.0187595502510516e-5,0.0
0.8133328985561302,0.041147193447969785,0.00970881247113192,0.0003615556308441991,0.0
-0.12568347072055153,-0.004658297885490696,0.207239249814883,0.0027345820415917554,0.2340087890625
0.7513946312122857,0.038306615828418746,0.06395093162798847,0.0025166316239105366,0.0
0.11884325031018059,0.0051505478810328865,0.042079759988904814,0.0012631025887502657,0.0121875
-0.02165933363811029,-0.0035991353113795465,-0.01595685223692201,-0.0004932018623649696,0.9300000000000005
-0.176345622640284,-0.005682226253941488,0.16863505535550558,0.0004382322191773207,0.22113037109375
-0.31178276062743737,-0.010175345735008204,0.9201601752564883,0.022190152089404898,0.9971923828125
-0.2345284282601641,-0.007957189167410865,0.4446767277311212,0.006715116331919929,0.62158203125
-0.037212709828787764,-0.0017903931385862305,0.2246447146435804,0.004491182865959224,0.41778564453125
0.15832877009913326,0.007217511482670648,0.0296933397342699,0.0009170700458504339,0.043906250000000015
-0.15195929785642315,-0.005566639049974262,0.24889380496531993,0.004378542644028639,0.6556396484375
0.09365850697729226,0.003844187913291092,0.05339737368652062,0.0013355900583621426,0.00859375
-0.10243541952724236,-0.0039047413769332977,0.3072065960367506,0.00639971278966802,0.4454345703125
-0.21508095582477993,-0.007281056060744478,0.06552446066766651,0.0003986495404195503,0.37078857421875
-0.08430877785539984,-0.003369488593411722,0.25216942243832635,0.005239576664604268,0.453857421875
0.2159871792857863,0.010304655847895087,0.018623458130974355,-1.1157135432921297e-6,0.0
0.09188025210838248,0.0034202442798927,0.06862355564058623,0.0017334391099216888,0.04031250000000001
-0.11660519606477501,-0.004387106119539872,0.051399037140557643,0.0010541789865178902,0.546630859375
0.91272624821246,0.04756027647110029,0.020639207787817863,0.0009109138906741222,0.0
-0.004576780784086242,-0.0007326574909024293,0.02103392189035123,0.0009183157620621489,0.539306640625
0.5286994608103853,0.027863783724656272,0.03732876568170206,0.0014377945879720199,0.0
-0.25259487803103214,-0.009172262655465373,0.5403682132767322,0.00708704591872611,0.6138916015625
0.6329983671147486,0.03323073825201983,0.0679910936596935,0.0025617781798627066,0.0
0.038729748037149646,0.000768821122568769,-0.002736228779338069,0.00010202850384365745,0.2565625000000001
0.7433516847249961,0.039758134160236346,0.15844471270165522,0.004598947073874901,0.0
-0.0032028831191162257,-0.0017216812198261999,-0.012234658433135795,6.543629835091808e-6,0.6789062500000003
-0.009835491320904331,-0.0008517461571954023,0.10781679502223002,0.002165489907529996,0.29669189453125
-0.0055361711363438055,-0.0014638872550486975,0.102584181667551,0.003463810133825404,0.5714111328125
-0.2392466287974798,-0.008785287461216231,0.5024145985076717,0.005114248634382847,0.36785888671875
-0.06617142147471507,-0.0027686316740612804,0.2536567605070225,0.005538635336191528,0.42755126953125
-0.057295111612004956,-0.002493555472056629,0.22184068144993827,0.004717016905492438,0.470458984375
0.14521780089965955,0.006400755172471169,0.10028400606031344,0.0029122097530242083,0.02508544921875
-0.2784665927637832,-0.00922907118633068,0.8422586824677478,0.018839588744143244,0.8453369140625
-0.019405388820012637,-0.0011555384173226454,0.12555917730528238,0.009480507546027866,0.317626953125
0.9124271737299507,0.04822298921228979,0.043515913268227485,0.0018209059463279102,0.0
0.8949335337345911,0.046638776275693024,0.01765774827368086,0.000808832143787647,0.0
-0.2726812525021306,-0.009251496478586602,0.3352961258094816,0.005496519580551108,0.89581298828125
-0.0381933528761337,-0.0018478303668642223,0.20930407988368951,0.005852444952118774,0.68475341796875
-0.13552411601438263,-0.004310550212673847,0.16206920785300735,0.0005296871864173886,0.32330322265625
0.5501915611476755,0.028642442214104436,0.08671648986065904,0.0030483495247816714,0.0
0.1546646094786032,0.0072182319300840335,0.03639643779401177,0.0011406480349257183,0.006874999999999999
-0.25822348992000477,-0.009170984843840116,0.07944981624264655,0.0014250273040342521,0.91845703125
-0.05334608723610225,-0.0022923943221765464,0.02638810852406536,0.0004127964247462404,0.3492431640625
-0.2526927357812485,-0.009119917361425813,0.4650189345281615,0.006975056468011401,0.70220947265625
-0.25673124625640986,-0.008746692255541352,0.4969524783227537,0.00903512156440313,0.48309326171875
0.8850609352691194,0.04731310544907524,0.06959772501838633,0.0034493647399219188,0.0
0.036898061232581485,0.00047816087254317014,-0.0017570360736129768,0.0002180332806618602,0.3157812500000001
-0.2026466491444801,-0.0070644464524009,0.47064382297912616,0.005429168178183338,0.46197509765625
0.8702822970606705,0.0470869939912862,0.04973603134638766,0.002340154464047247,0.0
0.1455905226026557,0.006678333465529384,0.06186733709115333,0.0014665175869069433,0.01640625
-0.17693302278445827,-0.006266797994438899,0.3789633783428657,0.006144071461120074,0.501708984375
0.10991546662482092,0.004391702989556109,0.08058101786244833,0.001181719696367313,0.07671875000000003
0.0009812571648522863,-0.0008362411594757565,0.07802888036776386,0.002010407310372898,0.25152587890625
-0.29840998283523534,-0.00985762732802898,0.8046710069513344,0.017631897797836492,0.99810791015625
-0.006945214132431851,-0.0006817961435004914,0.1620502598584476,0.005024037201795032,0.2255859375
0.011337158241873594,-0.00021800958573468202,0.0856464100151782,0.002080910837556561,0.20892333984375
0.147689970004947,0.006696384307927904,0.06606368226064338,0.001683657628664448,0.01484375
0.9939443401385536,0.05533937389191523,0.07027268502137236,0.005865513469901664,0.0
-0.26559531321787144,-0.009244996117288464,0.5856703908290479,0.006681470386525072,0.807861328125
0.006040146798230797,-0.0007892737042582868,0.03408955805483701,0.001251265621286196,0.2010498046875
-0.2546606564047857,-0.00896562961946522,0.10239633660822403,0.002064354896912022,0.6221923828125
0.15871345571462586,0.007302674900669317,0.6721985068332166,0.013418129499256767,0.08078125000000004
-0.2538684480209093,-0.009172498257679306,0.5561101627202788,0.006878770763559519,0.642822265625
-0.0012528244993322986,-0.002168443606398902,0.023700178791876202,0.0007925958995892039,0.6418750000000002
-0.0436957768365392,-0.006463983872469,-0.012431984525092634,-0.001173521271457491,0.9975000000000005
0.09734370870900926,0.0040957774944568575,0.013278356432675442,0.00018423410636080718,0.01796875
-0.18291187538005496,-0.0056710117264710674,0.21019432637416616,0.0008370140467171674,0.27978515625
-0.17149197833252433,-0.006112971749690784,0.05646670753627183,0.0008107890506386549,0.7088623046875
-0.05837778106940463,-0.0024739916215892324,0.16277923089345434,0.002857174798270747,0.26947021484375
-0.20820234791294173,-0.0070599364566108274,0.18578517451029225,0.0013372018592542354,0.4871826171875
-0.17446368934752687,-0.005723483219271897,0.16623750210062568,0.0006845679704269955,0.13555908203125
-0.07371565050404438,-0.002999471643905295,0.241358025844849,0.005056182206495956,0.44635009765625
-0.2060799895848483,-0.006857590844598797,0.0718165358784402,0.00043890506284878397,0.2181396484375
0.13925859179305186,0.006419919521770829,0.06067164658979628,0.0012562567223587417,0.017656250000000005
-0.09913039542849757,-0.0038563214658008417,0.04049065682704676,0.0007399397067384637,0.61767578125
0.13275172930917353,0.006075343160129974,0.023269305912885053,0.000867964089561073,0.007187500000000003
-0.24141093999712915,-0.008628620707571512,0.552238077502299,0.006147608487555359,0.3662109375
-0.034080060281133674,-0.005326206236931623,-0.017734080449758948,-0.0007602386767678268,0.9990625000000005
-0.20677298986212397,-0.007047489616488902,0.5046700398450779,0.00819932176629692,0.37066650390625
-0.2710576420981148,-0.009335106289622405,0.6893221504696042,0.009473490790821841,0.89031982421875
0.004555938628170852,-0.0013168992623544575,-0.002241192027128653,0.00029547784235613183,0.31843750000000015
-0.2551377649666336,-0.008783098529742161,0.16377343371748695,0.001337486826617389,0.5302734375
0.006065562498638632,-0.0011179664221009674,0.00032735435986706916,-2.60649371548275e-5,0.5882812500000003
0.060246312239901255,0.0013351961784595033,0.05156888922105503,0.0019305777295178194,0.0291748046875
-0.4841304446197078,-0.014068698795850862,0.35532360079865283,0.004137074024218898,0.72772216796875
-0.0034492004467178653,-0.0028694658446675654,0.07738212720473753,0.0031608034626044285,0.7643750000000004
-0.13915295874288816,-0.005159711882471544,0.25218098334454747,0.004164471651502526,0.61102294921875
-0.004900978268346022,-0.0009832740225347873,0.013159308853073344,0.00040424159891878377,0.22607421875
-0.17737641506199323,-0.006259865248793459,0.39924144955039836,0.005363152203603844,0.42535400390625
-0.2561928812415427,-0.009179492893877303,0.5875534847030859,0.007101583767932481,0.70416259765625
-0.1041331264632287,-0.004004976418770202,0.3019178429783741,0.0059958593477119695,0.437744140625
0.06860742919707648,0.0027438105967777194,0.04700598773552528,0.001028130283586838,0.065185546875
-0.005674440009091759,-0.002589147103531509,0.00030899376943343935,-4.177185934826242e-6,0.7690625000000004
0.8947087879663803,0.04790050927967513,0.031464725199871396,0.0014355831121421496,0.0
-0.01047126556778098,-0.0009290272019999757,0.14368930375940114,0.006056331192410964,0.72015380859375
-0.25667407185529056,-0.0090781535568966,0.503548030635503,0.00835822709241935,0.70159912109375
0.9520333201783484,0.049410601111604766,0.027756137003218377,0.0012221564567690395,0.0
-0.24272024100643833,-0.008823254317280321,0.2804931882335909,0.002485699609768078,0.366943359375
0.01779336566811675,-0.00028984791068570575,0.08575820412194636,0.003716528549657793,0.36468750000000016
-0.27102953181274414,-0.009330656330717942,0.6897289448809811,0.009213179922114909,0.8919677734375
0.036910071242983386,-0.00034604371698501957,0.07589172372828086,0.0036436714904952115,0.32366943359375
0.20500563913488948,0.009924860958724795,0.07170572110572028,0.002017705909638457,0.0042724609375
0.025155995385399244,-7.173549309349296e-5,-0.0019784882681408568,0.0002000928423459492,0.23046875000000006
0.0062238649130316945,-0.002405093219367475,0.08502304277228083,0.0017457817677262691,0.6871875000000003
-0.007368816772118896,-0.0008161225771169125,0.023417035646596376,0.0005862666176238104,0.33831787109375
-0.00392323474246122,-0.0016312110665849912,-0.0027268124093264385,0.0003324587090084959,0.7812500000000004
0.10755429019038598,0.0043627786124024485,0.08270718294512577,0.0021195193888547256,0.04250000000000001
0.0626640343446588,0.0016194229134169368,0.25713261152873657,0.005052576987362476,0.2846875000000001
-0.551613816994778,-0.01644593638153575,0.4397322359488894,0.005169020892483986,0.40008544921875
0.9100780066058697,0.047159416096194534,0.019131604735235872,0.000842273899749045,0.0
-0.25624677752988845,-0.009154441337725487,0.5933129990344183,0.007208639623580614,0.68096923828125
-0.14866686172092278,-0.00518898296005267,0.05523589978309384,0.0003963919862574367,0.23883056640625
-0.24941324944663656,-0.008739637383198802,0.2519081009551548,0.0011957785622464252,0.51617431640625
-0.09235468347148135,-0.003836503327341876,0.3020134836801389,0.005347464447694126,0.4390869140625
-0.09804677595142251,-0.003834564581612695,0.3044295106863777,0.005900581463740895,0.63140869140625
-0.1727608250187575,-0.006199094863661102,0.28127930191648987,0.0050833084605326805,0.69580078125
-0.0007086229191321083,-0.0006552201154623842,0.08389412311016785,0.001898766825015383,0.25469970703125
-0.25792315224727796,-0.009052367181979121,0.15705738465730332,0.0006885222775241634,0.84100341796875
-0.2711269496900754,-0.009256534211911239,0.5843616366829165,0.0078076673747768666,0.793701171875
-0.0041130190243706365,-0.00228443615739899,0.001142640797831827,-7.839744012916455e-6,0.7496875000000003
0.17522787930996764,0.00824289502829165,0.12121032155775148,0.0023337253400824323,0.010781250000000003
0.044339018277569364,0.0011794909029264088,-0.0008351548495909543,0.00022610115898675354,0.2250000000000001
-0.27134168596351893,-0.009109241428432483,0.6473141059019677,0.008293172554881462,0.70330810546875
0.39373364547724005,0.020032429665883474,0.07561946262731858,0.0029730493444696474,0.0
0.0063545442637756,-0.002112677938191028,0.20106357427096802,0.005001869818135626,0.6617187500000004
-0.11184472437860292,-0.004492042394355402,0.2109853638291889,0.0038380751320295763,0.60211181640625
-0.025834122151000352,-0.004571501257129052,0.01836917199870535,0.0002850474907662871,0.86737060546875
0.12740957990304339,0.005590899446679295,0.04038551930106759,0.0012005047721524256,0.013750000000000002
0.023860480007375878,-0.0005143213092811199,0.009407389529003624,0.0005226170263649779,0.21359375000000005
0.00767131975277842,-0.0032152383122915486,0.1126973716184403,0.00531929393892196,0.62200927734375
-0.2496096702676963,-0.00887416577157355,0.4663356559463887,0.007491053650500596,0.5045166015625
0.047503279434542314,0.0010925977161740125,0.0481319688330457,0.0009957483387477671,0.17375000000000007
-0.007861325133044564,-0.0016825926133490132,0.01367934976565423,0.0005766094462378725,0.421630859375
0.8232429181655763,0.04180069842314141,0.011588970147579617,0.00042528219394637857,0.0
0.963691539877592,0.0327868789936901,0.2627215379232227,0.008484243564694568,0.0
0.07760180424818482,0.002725702416264778,0.048426728728793444,0.0012149076521017934,0.012812500000000001
-0.059835093383630994,-0.0025528437101855128,0.23408766967564512,0.0054300626561355645,0.45050048828125
0.04151603537032544,0.0009541255850024882,-0.003829984714771759,0.000236109541326587,0.2390625000000001
-0.27017066831171477,-0.009253261465881294,0.5856306617638786,0.007655873401603486,0.7984619140625
-0.26707536809553867,-0.00900864310288453,0.5122781063399247,0.010683980928770929,0.67230224609375
-0.23723009528441402,-0.008578760796659375,0.06190183566540798,0.0005397080150294258,0.3536376953125
0.13342370848130916,0.0059179952822768275,0.04368102336883504,0.0012004081333030362,0.018750000000000006
-0.046230361843790625,-0.006285062080916981,0.03072588997727249,0.001004299532021005,0.9167187500000005
0.34839182659214457,0.012425389491935971,0.001897793934972468,1.3015949047582471e-5,0.0
-0.009823673459092611,-0.0020989624174146274,-0.0020801662242182525,9.840516726146507e-5,0.7734375000000003
-0.2629887963431297,-0.008922979859150722,0.7952555177694413,0.009625422323646297,0.7193603515625
-0.009520584082344026,-0.0021609010495044004,0.0020856618205937474,0.00016020714095988143,0.7915625000000004
-0.017116413504456814,-0.0029020770176526774,-0.0009175677696958593,-0.00016013260961951937,1.0
-0.020275173220423482,-0.0012008469982440239,0.02034575251736014,0.0005971848937971169,0.51373291015625
-0.09537474757774318,-0.0031129772023388127,0.13378202251501178,0.0005477367992046947,0.0911865234375
-0.03488170742267965,-0.0046181040670391854,-0.001313544134617156,-2.7885309554724778e-5,0.9998437500000005
-0.27262036027337244,-0.009358430909925396,0.6946793842057953,0.009561494858009254,0.884765625
-0.013015325708040214,-0.0025335620230801667,-0.010275850584577558,0.0003275671791694675,0.8967187500000005
-0.2742609058952645,-0.009031223396860896,0.8753853498060362,0.018935122581648898,0.70367431640625
-0.009055526591526683,-0.0008920631183022329,0.13813260653510878,0.006010215954663516,0.7481689453125
0.7826238589688301,0.04172866486863342,0.05077551977568142,0.0018582184290571596,0.0
0.08545375997844258,0.003275413658349537,0.10758301445662091,0.0023519065723360357,0.020937500000000008
-0.020775756179461816,-0.0035689381409889157,-0.0028737155327738214,-0.00020769232069778705,0.8579687500000004
0.009767985587513888,-0.0004037181446383646,0.015079320880662621,0.0008528692703293701,0.23211669921875
-0.2486120896849669,-0.009128564683451464,0.5182366743585668,0.006540418857612859,0.544677734375
0.9405866605918789,0.04903377676431079,0.045525049135604,0.002200709804980754,0.0
0.08922894798797174,0.003159351370226867,0.07791197608580984,0.0015484320214703552,0.019062500000000003
-0.20983255466546402,-0.0072717210484745925,0.30085221584585303,0.005181730223966835,0.5921630859375
-0.05161934703166345,-0.0064124071195834865,-0.0006426180206804872,0.00011365693357458752,0.9606250000000004
0.003012146213940766,-0.0013114445279719797,0.000337654238146146,1.8270995054279675e-5,0.4496875000000002
0.044438533211204646,0.0009552932964004971,0.015254291474206554,0.00033595329155773564,0.24812500000000012
-0.15138940372398973,-0.005469309502850293,0.07582349563224786,0.0012748273139115758,0.4771728515625
-0.09799252983096804,-0.0038050350181179217,0.2846968850040653,0.00585451906641186,0.41925048828125
-0.10523402314522733,-0.0039019075184008834,0.08775613592935388,0.0009394929670283213,0.28167724609375
-0.04869135230491988,-0.0023852039705929196,0.017257351058523013,0.00040586122441149235,0.31622314453125
-0.0011011872121633832,-0.002058723279059688,-0.003558772905902525,0.00010762735567084203,0.5704687500000003
0.05522209593264026,0.0015934197423897905,0.1132740371239832,0.001907074455562141,0.22437500000000007
-0.04965444138122401,-0.0022361182087947515,0.036407174845413316,0.0008182204751243362,0.5977783203125
0.02785767372969433,-3.791605226597845e-5,0.0028454966659977464,6.319595826328607e-5,0.2609375000000001
0.0021122412926684164,-0.001515104701176539,-0.00046307180885286203,1.4878753381684063e-5,0.6078125000000003
-0.017494408042115536,-0.003288921393403838,-0.00019524095341933576,-2.6413897036700782e-5,0.9757812500000006
-0.009808792923081535,-0.0014082540203448162,0.040454863428395695,0.0010597862163818743,0.81085205078125
-0.020522202527424586,-0.0025082416190000513,0.012414765554113517,0.00036060674617956716,0.7681884765625
-0.005763915151517233,-0.001675656886055722,0.0022347417795356185,1.7972350428500528e-5,0.7470312500000003
0.08365321795745718,0.002661628039656201,0.06355826675473131,0.001176523193907336,0.07656250000000002
-0.026363818891177837,-0.005266699134768321,0.09295211451423672,0.0033248179817219033,0.8065625000000003
-0.250465086063141,-0.00882644848067999,0.23081408101448828,0.003867817348232883,0.58380126953125
-0.02899914711567291,-0.0041016798619675,-0.002023406664845911,-3.455580811291877e-5,0.9979687500000005
-0.2640531925225039,-0.009053351170751634,0.49446999626746363,0.00851716599603383,0.7125244140625
-0.08275544965368056,-0.003320291662056182,0.2754189540478581,0.005721842792286351,0.47808837890625
0.15233600038355616,0.006923878740289137,0.19778468086904805,0.003938990770635914,0.052500000000000005
-0.02007117140379984,-0.001198817838902899,0.13577039581480088,0.003238154960471911,0.48785400390625
-0.013336692471567685,-0.002757979027999151,-0.00034501210687382805,-7.878854351362254e-5,0.9637500000000007
-0.2891800602336723,-0.009677093288477311,0.7715657581702722,0.013078630877614676,0.980224609375
-0.032322455127795614,-0.001742816401372168,0.020052237240304534,0.00042424917459069116,0.27105712890625
-0.011957172172074686,-0.0009519266566330044,0.057954119139941376,0.0012153376864335612,0.5213623046875
-0.2568220161143093,-0.008774550512680421,0.7424593869975298,0.006899460542226909,0.5855712890625
-0.25303825878995667,-0.008743068916947204,0.8782558708764239,0.007044698587941363,0.50286865234375
0.0021601041321020814,-0.0006631145222598537,0.10396390538395459,0.002538878250741531,0.246337890625
-0.2604468565236568,-0.00915287207224191,0.5668538911742531,0.00589821014155321,0.70306396484375
-0.18614045275701233,-0.006578931986702161,0.4179023841067979,0.005293440059638358,0.43817138671875
-0.25108943560258984,-0.009107504813260107,0.08498290438239982,0.0014254404978542108,0.64422607421875
-0.00021795934284040897,-0.00074451598959858,0.12026844318246806,0.0028670325340803236,0.30657958984375
-0.002417760022564111,-0.0011916685700585304,0.01982442213688647,0.0013499977629208566,0.62493896484375
0.041608590295194016,0.0003763109267921124,0.07935324063733785,0.001453694162866847,0.4196875000000002
-0.3098072247336018,-0.010103092147620825,0.9184696765458934,0.02380863501430149,0.999267578125
-0.011325106666831241,-0.0009016373083614046,0.02346297468483403,0.0008219290665253343,0.5057373046875
-0.018926322994257647,-0.0035738517129128436,0.1794423154430041,0.0076021574304336575,0.8040625000000003
-0.2585787534095671,-0.008845281160789833,0.573365251806553,0.014599177936616444,0.61279296875
-0.05857923635806598,-0.008948288425097437,0.041731957426211344,0.0031602936851784827,0.89874267578125
-0.25968743748304157,-0.00905985468622225,0.5231154446644182,0.009878998209629921,0.7449951171875
-0.26877030015831027,-0.009282210009667682,0.668168806871789,0.008954741505454904,0.83978271484375
-0.27327388519070434,-0.009182184259470684,0.5394516417750835,0.012805383049253797,0.84002685546875
-0.29360745310517267,-0.009788512677098987,0.7876414255529477,0.013394190777520326,0.98590087890625
-0.011091718626973033,-0.002565855595391109,-0.007552309861073175,0.00024407399315545187,0.9506250000000005
0.7649403782582744,0.04130936483526096,0.02834213184766186,0.001583700774371165,0.0
0.06454673207949446,0.0014730901160239988,0.375303259374779,0.009776041761525541,0.21203125000000012
0.8259363370313269,0.04294768868878495,0.02891802254728301,0.0012443457946369413,0.0
0.10399896971078003,0.0038281009427420312,0.07023626782961682,0.0010485368079860729,0.04406250000000002
-0.26031586415718844,-0.00921867493247103,0.617896469127328,0.0076246819359415815,0.7620849609375
-0.014322640135063165,-0.002474022260934241,-0.0006872867272139951,-0.0001508861227507581,0.8762500000000005
-0.2519107474433399,-0.008864030115423504,0.24996366363868136,0.0011467241792491101,0.60308837890625
-0.009467596523937716,-0.002389827414786753,0.00031251136437890955,-0.00013504433264794493,0.8321875000000005
-0.011060352093448153,-0.0023149155579217967,0.002086721196148067,0.00021966809493303847,1.0
-0.2498698763357478,-0.008679093007952995,0.42550788724514893,0.0071491198197328526,0.6300048828125
0.12206129421522369,0.005394786792346981,0.0727868343542202,0.002034195779899934,0.01484375
-0.11651069893087858,-0.004442078969104304,0.2697319805764244,0.005248306487796194,0.5347900390625
-0.2858385181207243,-0.009579515810415827,0.6158849640054874,0.009525475225404766,0.93133544921875
-0.03961045581872522,-0.0059675895969803,-0.012499537411544193,-0.0008087983387872773,0.9993750000000005
0.1227968170283443,0.005295145470782655,0.0630432415003288,0.0016958065163171123,0.03968750000000001
0.08617200845974364,0.003038097240444028,0.083310612672981,0.0010585803296853122,0.05828125000000001
0.8570378308596129,0.044667446914924906,0.016174687626149264,0.0006893737999855297,0.0
0.01731842752311645,-0.0005014518009570405,0.017870260852144697,0.0005099559481384204,0.35156250000000017
-0.008391463517032882,-0.0008377439559150288,0.11833228160454436,0.0022841800591914055,0.26019287109375
-0.26651397606067734,-0.009157090245607432,0.3237534818822305,0.004385839950648804,0.81097412109375
-0.29044733637976444,-0.009452086965694334,0.8626948789270766,0.016732203795583482,0.88653564453125
-0.26755006456564784,-0.009281190388981356,0.14741724712495502,0.0006943016055540595,0.9180908203125
-0.284942712174225,-0.009560546787517525,0.6302400194777963,0.010873421022075783,0.91314697265625
-0.008731869125425005,-0.0008594429569552774,0.12029459824368659,0.004860051095995569,0.60931396484375
-0.1526348859687127,-0.005513075627858144,0.07795025795704505,0.0013043194330314728,0.50830078125
0.10229472325387268,0.004129452014199185,0.0809261365481393,0.0010421520474301802,0.06500000000000002
-0.009060574620475426,-0.002148572698936422,-0.000207823597802476,-1.2581594889939959e-5,0.9851562500000006
-0.27975473132111456,-0.009103492533923131,0.26880785779888894,0.0008206058602028725,0.733154296875
-0.2497245602220561,-0.008924094719481216,0.22740835911460341,0.0012649662755627505,0.6295166015625
-0.02062223056918853,-0.0012216840544310634,0.12128628862413737,0.0033308896420668464,0.50872802734375
-0.2563160717688571,-0.009092476063618278,0.5591406680036711,0.005599199542094233,0.6649169921875
-0.2092611757030306,-0.00725859832850855,0.4750758641609769,0.005381568916830196,0.47113037109375
0.12345308001063884,0.005396769930332027,0.026916266726031715,0.0002736778833658816,0.0
0.8725475099131755,0.04697884881973214,0.02071213965275185,0.0009652208231586937,0.0
-0.2580979837495075,-0.009097000095884537,0.5377627150525215,0.005550998806034002,0.7081298828125
0.5601581513326442,0.02930616001710749,0.7288601782266015,0.013832411661410757,0.007343750000000001
-0.3174434883476205,-0.01027632205129798,0.6997885388392265,0.018789031257460134,1.0
-0.020278582004646727,-0.0037124469370124315,0.19367592609220585,0.007940607288048096,0.7989062500000004
-0.002999935027241172,-0.001880259412864899,0.007690546295093827,0.00015579973975415263,0.7012500000000004
-0.05126193785492738,-0.002287750887588815,0.14179412762454446,0.002655492400554027,0.50347900390625
-0.003544945728483749,-0.001569447192473664,0.001185967975448121,0.0003243176490113999,0.7937500000000004
-0.34257190621538464,-0.010243305933628035,0.38222729989157944,0.0018657782594110753,0.70556640625
-0.3063245663795183,-0.009491461460787165,0.22212987376252652,0.0009671876124856211,0.8028564453125
-0.25284291164548384,-0.008736261444761625,0.8614765617638686,0.00690373783463915,0.5123291015625
0.13010078640464637,0.0058115091587319905,0.06024419718157054,0.0015374436592730414,0.02140625
-0.17766462170657166,-0.005999950015969815,0.07246526595564608,0.0004234094133739706,0.22412109375
-0.05247848971194858,-0.002224135727398362,0.12494972297420567,0.0030859913723285076,0.41900634765625
0.016398140838187022,-6.701591850173074e-5,0.032699190605762624,0.0009195756349335863,0.22686767578125
-0.17396394101098006,-0.005867833368701122,0.15700425181431507,0.0006595901796047078,0.08868408203125
-0.00983071301424303,-0.0008756708379928029,0.020446578770447376,0.0006706554984943265,0.52764892578125
-0.019039053558078604,-0.0011397229366233593,0.11583160142207308,0.01034220307576411,0.3082275390625
-0.2489552477760314,-0.008378390704921733,0.3785954565181807,0.004838847724974038,0.56195068359375
0.9127357068439571,0.0481534824561125,0.01782483605660581,0.0008244700689361974,0.0
-0.12134562836753085,-0.004595926726576931,0.3307152161724702,0.0054722036818831785,0.410888671875
-0.056317790921021155,-0.0024674042072767807,0.22311804564547794,0.004414894390347276,0.4600830078125
-0.006874992918201659,-0.0017210404167276386,-0.002417013261215019,3.606592054050227e-5,0.7767187500000003
-0.15812665842836038,-0.005680916877237456,0.14441217955072955,0.002297109763436456,0.397216796875
-0.22252785023612157,-0.007851406825073843,0.09842178813450154,0.0004177657468105505,0.205078125
-0.2992220063002234,-0.009871503623778073,0.6415190506558932,0.013388371461803394,0.98333740234375
-0.27222735922425234,-0.009190693535498772,0.5182671062221853,0.010914477446394278,0.83868408203125
-0.027843628446914997,-0.004567560232713958,-0.02335024850256481,-0.0004635691518051821,1.0
0.08207389087091332,0.002932817647947594,0.04839010828541288,0.001295458803378359,0.018281250000000002
0.7039387644733887,0.037411791185464664,0.015606213093761893,0.001502135956451093,0.0
-0.23831779374033135,-0.008042256745826728,0.38486043116696916,0.004528611831950013,0.42620849609375
-0.028512361884331698,-0.003891125119617604,0.1672086125097174,0.007836081384818819,0.9168750000000004
-0.004230031425898426,-0.0019516732283916217,-0.003633438096890095,-3.479602169915869e-5,0.6568750000000003
0.0007163884825037292,-8.202785535888628e-5,0.11218674926066895,0.0020002630193880068,0.065185546875
-0.018732066497475015,-0.001155480505679826,0.12898794746311268,0.003599516749213712,0.50799560546875
-0.2616952109842419,-0.009120871945933742,0.4649966224259861,0.006646111988601103,0.743408203125
-0.053933189395064085,-0.0023610243322789073,0.20142070825711492,0.004173332789966652,0.46978759765625
0.0768543706327093,0.002735935481955729,0.038625570008712605,0.001260648596230449,0.03759765625
-0.2858260643187299,-0.009516863149078299,0.23748420352223396,0.0006120723214005304,1.0
-0.09297851568712961,-0.003662418170502536,0.2820145677358134,0.005766718251106729,0.4688720703125
0.9079073742067266,0.04672002778663219,0.027859752643104252,0.0012209782308655458,0.0
-0.006723376614414239,-0.0017664850235730026,0.0002981624680570235,1.5724410352168902e-5,0.9953125000000007
-0.02027007763008109,-0.0011867535401823431,0.17583786300631324,0.0056507654554896454,0.34490966796875
0.0017642949537412984,-0.003262260182867408,0.3102861809159375,0.011562585305486003,0.6826562500000004
0.847080769795538,0.04578556741217506,0.013555609688053393,0.0007801117883339047,0.0
-0.2580917471068644,-0.00907056940666828,0.45781083889463015,0.006295884965228326,0.71051025390625
-0.16691269184820134,-0.005146992138415554,0.1697219768740676,0.000920309343018873,0.22467041015625
-0.00013534088030308947,-0.0014905205608760832,0.0007499972613376749,-1.1461333387344924e-5,0.6023437500000002
0.779825346169088,0.04051576376213574,0.03316655946038598,0.001331907682181322,0.0
-0.01060912578896644,-0.002970626339203751,0.12349927076325495,0.005723501796155355,0.7135937500000004
0.9285188296492931,0.04742560690907542,0.039967932951238246,0.001768124786567577,0.0
-0.2714324979816735,-0.009314022928886794,0.6969871817532677,0.009398018830320036,0.8560791015625
-0.21520617967407638,-0.007375883508191075,0.06781319109807525,0.0007252288826416506,0.37994384765625
-0.25008891071793826,-0.008987457942447603,0.08303684315416474,0.0015019827426586713,0.58868408203125
-0.009906757226745458,-0.0006790269788003303,0.1929960517856641,0.004853095809885613,0.300048828125
-0.007708101130501562,-0.002136761673974035,0.0026076366570670674,0.00022636672285609376,0.73040771484375
-0.008393978236692622,-0.002120121659835491,-0.0019499756834718662,3.4113078659396755e-5,0.7589062500000003
0.07450270779519744,0.0025634393756962448,0.06558264489408372,0.000889580036848996,0.09156250000000003
-0.2536168049833593,-0.00895443605628488,0.44586555193558136,0.005873972984917792,0.577392578125
-0.0005291909018180686,-0.001436893292515754,0.00018812377155785968,1.7209887237848116e-5,0.6723437500000002
0.8922481933428053,0.047739580673570245,0.03397222211132212,0.0015048656710665304,0.0
-0.2609051262228739,-0.008989186590371264,0.11353436563313946,0.002831582225628202,0.76190185546875
0.10667328883568329,0.003979367381448067,0.06903217058477792,0.001606160971893274,0.02890625000000001
0.11684772451526489,0.00484549605006923,0.1022972192797684,0.001492624631587863,0.05828125000000002
-0.27179886743411635,-0.009047585411816361,0.8871381814829993,0.022802220742347692,0.86468505859375
0.1394515307065636,0.006299987677643475,0.052821319226021464,0.0010382606963754968,0.0032958984375
-0.0034168978423414717,-0.0020375533403558153,-0.0014497530701599267,-0.00012260717787012973,0.7742187500000004
-0.2545505448680727,-0.008908836495345256,0.18126031267357873,0.003300059886210509,0.60089111328125
0.11749284748355018,0.004799799568950192,0.21313112571008533,0.004578580085548819,0.09765625000000003
-0.002913062444453947,-0.0006938726675343277,0.026795282972791743,0.0011382309849825955,0.54248046875
-0.047382933180723334,-0.002124472135805502,0.1652756083172623,0.0029510180620158162,0.431884765625
-0.03166942503575313,-0.0015038272662152702,0.08789431872750518,0.002298099137815687,0.36688232421875
-0.25905309667451,-0.008857145457868445,0.5910779202828006,0.014668616328749762,0.61279296875
-0.2760981399819778,-0.009203933500188633,0.891824103733942,0.017645901977057045,0.8221435546875
-0.260226071789541,-0.009151517263581373,0.16682103757442363,0.0007098722533167344,0.82720947265625
-0.2657490760357893,-0.009181330816281955,0.1593246151200521,0.0004070468827087266,0.8515625
-0.2552238777185058,-0.009117554397437614,0.5925852087426546,0.0072367395194286085,0.6470947265625
-0.2680210359686112,-0.009092328962275457,0.7169838867806495,0.010528239673047718,0.75238037109375
-0.21043586094900676,-0.007311565129061399,0.32762042361295757,0.005928571382496759,0.6998291015625
0.5667417235209935,0.029530041187457872,0.05312169234862363,0.0018375144846765439,0.0
-0.028067292959598613,-0.0013444580274610534,0.03091470158864722,0.0004968079244355334,0.22186279296875
0.009979346696804153,-0.000853904659790573,0.004278657939952958,0.0004708737524408558,0.2757812500000001
-0.02370442530498728,-0.004049739870977222,-0.0021629582614593945,-5.677381090516303e-5,0.9543750000000004
0.13499098547456156,0.005877213907904274,0.08610183740286483,0.001985291711751365,0.01125
-0.27173492222034124,-0.009310946163083603,0.6161274709568378,0.00835535169511409,0.8359375
-0.25825963573893906,-0.009169769051007068,0.6011637867424011,0.007148480332275466,0.6805419921875
-0.028274688803345268,-0.001485600856883114,0.21178308005393995,0.006377095013640858,0.38079833984375
0.9369872616249285,0.049126228979033036,0.02954318525643408,0.0014163987810714655,0.0
-0.3601200440629039,-0.010589564942686182,0.4150405737199445,0.005278280572580966,0.31719970703125
-0.002064644445708263,-0.00045129642061020336,0.058951406110206724,0.0019911940901130394,0.25775146484375
0.14849701608684687,0.006593565827187463,0.07814286235873381,0.0016277379397853296,0.030937500000000003
-0.2597227449458241,-0.009192478966611843,0.6159630168642769,0.007228412230744728,0.728515625
0.38025682542137473,0.019639200719410246,0.12319713130081868,0.0035491256651318864,0.0
-0.11355241151046871,-0.0042986317933246185,0.2181714254267129,0.0028711357108468683,0.27496337890625
-0.15406823362511424,-0.005500180305659614,0.44916755856066315,0.006954539122584535,0.38671875
-0.0964102017465199,-0.0037997259447824605,0.30897916823502763,0.0055534342145603,0.4307861328125
-0.4451031607161168,-0.013021670994921233,0.21910899966099842,0.002067731364390954,0.81903076171875
-0.08658752018976222,-0.00343478480873974,0.06068435174579406,0.0012420654256962115,0.5399169921875
0.013999232701100215,-0.0004966976128119489,0.006139354981867168,0.000346055008697347,0.26373291015625
-0.23761570384018232,-0.0086328455134845,0.27947373902627864,0.0024891895390468065,0.304443359375
-0.2066739711136759,-0.006524786137295116,0.2052045385322306,0.0007903736312752244,0.36798095703125
-0.46173375128377075,-0.013765046246754137,0.4510648020051278,0.002517698721295786,1.0
0.11108363008782023,0.004447601711628722,0.08152836898597363,0.0019444990909621809,0.02671875
-0.048867763347324275,-0.002194559379300944,0.14654127297167366,0.002638752656288455,0.48602294921875
-0.25924842813482163,-0.00914798412899877,0.5131037021056656,0.008865320427203852,0.82366943359375
-0.12997632971335674,-0.004876712549064713,0.3593758744182188,0.00619710151464696,0.45965576171875
-0.24848138557718927,-0.00901532787180186,0.1217496196394198,0.0019919204039956315,0.53704833984375
-0.01825239094373769,-0.0011488230909839218,0.17969966006391755,0.004905881847797417,0.51934814453125
0.9671138559470661,0.03295598817792854,0.3388462849185275,0.010954317671654293,0.0
-0.01570033918931108,-0.002967495263891012,-0.00023582614998310085,-0.0001649065976738439,0.8957812500000005
-0.03653275129735921,-0.001700300375935374,0.24395660849684847,0.005324041348812503,0.39447021484375
0.72358108849305,0.03353988565541519,0.14019838881105243,0.003907318228892588,0.0
0.17473020255972913,0.008202745847545411,0.0990728683769673,0.002139929907739069,0.008593750000000002
-0.2967507302646212,-0.009038201552293432,0.27986454176777364,0.0014449585244653664,0.4462890625
0.06399262067960493,0.002141171022099137,0.37686041990188496,0.007680584035770772,0.21281250000000007
-0.17133081354110957,-0.006079875149232326,0.07760301128384504,0.0011727442117382698,0.4532470703125
0.01747377239829706,-0.0010739108715720664,0.006099958040175854,0.0007829775073419857,0.39434814453125
0.8424654486011389,0.03734688708455797,0.022881734483354912,0.0006963031979115401,0.0
-0.09773332066136169,-0.003789994409811069,0.046454609278971395,0.0009737533847555277,0.5150146484375
-0.26341471714464904,-0.009271491515473343,0.6305782866238705,0.00785884561191811,0.855712890625
0.9202393586657224,0.04749253997743868,0.024955550293022287,0.0011868031153337442,0.0
0.019487467292728187,-9.16466450149788e-5,0.058128098434758746,0.0016809713857667409,0.3482812500000002
-0.012776759456697073,-0.003288522051526412,0.011286688180122439,0.0005364595042235253,0.8256250000000005
-0.25667907914886195,-0.008953764744571362,0.4637693429704718,0.007029217461946087,0.60394287109375
-0.09790748594963868,-0.0038561333164077952,0.1988920017493801,0.0031919356630328325,0.57110595703125
-0.011061425144648841,-0.002856052017684878,0.012443925994197223,9.169426608683626e-5,0.8078125000000004
-0.25246707080371805,-0.00880403435843513,0.09837112268562236,0.0021845280193068003,0.56903076171875
0.5491803776830759,0.02856008906430364,0.09450900770897926,0.0032499725712211614,0.0
0.16640067945147452,0.007589419232520525,0.35372172010550357,0.007708268903957055,0.10609375000000004
-0.05767421545115744,-0.007561541843978585,-0.0035619619326304262,-0.0012204120183838918,1.0
-0.26510154017430926,-0.009236915848317791,0.650353121583775,0.008253476298373795,0.79608154296875
0.7291021976505164,0.03840482288134132,0.359992070808977,0.009448833071550342,0.0
-0.02550083833048086,-0.0042367012357632005,0.2118661962463694,0.007833516015042397,0.7554687500000004
0.005012702694645025,-0.00045735452886627904,0.11838744352004126,0.0029128836363294646,0.21197509765625
-0.008649958230650998,-0.0019294166000319735,0.0686671604497813,0.0034863018799240076,0.73492431640625
-0.0443158947492635,-0.0019504132919588094,0.26920891538250735,0.005947447902711028,0.34619140625
-0.05180851067138596,-0.007524476637382153,0.008676493792568725,-0.000639794249284096,0.9989062500000006
0.047211956587158564,0.0009620263958912495,0.05857599948881572,0.0012115217340682289,0.3350000000000002
-0.28512972704772266,-0.00960402339613364,0.7343050792286349,0.011736356682856008,0.97894287109375
0.04991768762525796,0.00149824400469032,0.11544363380861425,0.002764118407059999,0.24390625000000013
-0.0018425457366837504,-0.002564721313139288,0.07128418600802698,0.00144787710560349,0.7295312500000004
-0.0439789435177232,-0.002043595415656099,0.25568758392890073,0.004477288802070848,0.42059326171875
0.5950601944468776,0.030708609109989984,0.053933440080938644,0.0018505091966730632,0.0
-0.09130677087199984,-0.0036034849910120174,0.038926499926917615,0.0007476977885366829,0.64495849609375
0.036500441749460114,-0.00010130571147240835,0.07182488987702346,0.0024356744453098967,0.28281250000000013
-0.010921686322396373,-0.0025963717874801055,-0.00761655535957532,-0.0002700867463064749,0.8076562500000004
-0.2722956634659292,-0.009018398878482567,0.7724290785787749,0.014847857399612767,0.68096923828125
0.8869394502446852,0.04754468603225906,0.026800850759213297,0.0012237108284520143,0.0
0.1882392760821004,0.008394089953151555,0.012874193353521026,-4.769588880524009e-5,0.0
0.0978940822512692,0.0039037943134860903,0.03130015168198081,0.0003628657044847119,0.0
-0.00811116962112053,-0.0022276490407883674,0.004714951475493147,-0.0005258255382607594,0.8264062500000005
-0.0034299462834175374,-0.0011322291154504218,0.0010759871146365776,6.784543399136135e-5,0.7518750000000003
0.07511300846639071,0.002831689270255099,0.15257322489878747,0.0029800078989348283,0.22046875000000007
-0.38618488006224416,-0.011418675425863436,0.10639187226146517,0.001325992853231798,0.91424560546875
0.8881711879299617,0.04748040872305003,0.06263189984139537,0.0030200510297944856,0.0
-0.01637937971485419,-0.0010555438344578446,0.17814884716902318,0.005772083106983256,0.4156494140625
-0.0601030345304619,-0.002437989520873918,0.06074627163871851,0.0007948572901515083,0.24761962890625
-0.2528922404101553,-0.00908165563613951,0.523886968810051,0.00558431808515764,0.61199951171875
-0.3689658054112632,-0.010863521584892247,0.09613666034102376,0.001113394018397427,0.8526611328125
-0.26370570483036604,-0.009030931245843192,0.6526490925102436,0.008451481278905396,0.6988525390625
0.3904207605168594,0.01948951945718683,0.20652330235868094,0.0056729865336391325,0.0
-0.005008427120672994,-0.002576290042023862,-0.007527947963852945,2.6724953848201006e-5,0.59039306640625
0.11711036391352031,0.004919133494618637,0.05828295753710065,0.0016677513396875555,0.009062500000000001
0.04338431341811023,0.0007458253401880924,0.013465434812405853,0.0004920380696793994,0.0284375
0.17059202304723425,0.00807218982574607,0.06578282485547118,0.001460838289067251,0.013593750000000002
-0.005343285647781622,-0.0007429095845438436,0.01119082078804101,0.0003285715721415305,0.3289794921875
-0.06246433756934775,-0.0026579550040340665,0.2383823189418309,0.005177442421364669,0.467041015625
0.08607418690759788,0.0034133012943589904,0.03544864063601319,0.0008470170644054794,0.02609375
-0.24326622087902136,-0.008828984410078716,0.5033407917106567,0.005869844774346468,0.43841552734375
-0.1820378881897257,-0.006438230099356022,0.39981077156122824,0.006129103677804442,0.689697265625
-0.15186782243188554,-0.005567092309125441,0.40621136415002884,0.007191089250478543,0.50103759765625
0.0406595038309995,0.0011935137942676065,0.005355500122079786,8.070590907316047e-5,0.205810546875
-0.12048976935271498,-0.00455078760861456,0.3321253156877613,0.006014410823065766,0.69281005859375
-0.2556296742436071,-0.009087101699247965,0.07924876054800209,0.0014154680286825067,0.742431640625
-0.2826601214339372,-0.009337507897912205,0.8780717111711294,0.015477744826638325,0.76153564453125
-0.014272919372820584,-0.0026586051937637044,-0.0055021149599622675,-5.463714516263766e-6,0.8457812500000004
-0.050022638212776985,-0.005411452972046506,-0.0008998537780103176,-0.00021821176050277957,0.9996875000000006
0.4206309060248371,0.02131563696916001,0.12345106956043858,0.003111292966487034,0.0
-0.17934627602438077,-0.006307385902227526,0.24864901915410945,0.002933211768246884,0.275634765625
0.033645922582406736,0.0002000245606791836,0.011260557737802834,0.0005703911567878347,0.39328125000000014
-0.2647622561958794,-0.00913509050923013,0.4812821713400907,0.007773361610355939,0.82244873046875
-0.26544864832993864,-0.009342372370575431,0.21299520188223028,0.0008652246783904239,0.96856689453125
-0.17063549258262262,-0.0060874774033730355,0.367321791847169,0.006460800328076424,0.4833984375
-0.005863981227905683,-0.0007746650542166019,0.11231305298516268,0.004168478731689872,0.572265625
0.03407211667085699,0.00021696687061860298,0.08726332185016729,0.0019217240470457899,0.32234375000000015
-0.13065866700492282,-0.004872642017522652,0.31538478510767476,0.00580456674406196,0.5643310546875
-0.029349591119064388,-0.0034398118438090756,4.7112484943781406e-5,0.0002317345097719106,0.7952880859375
-0.021988066423606453,-0.003516571211605224,0.0657017096893865,0.0019314276193203514,0.8004150390625
-0.015443505036744323,-0.0013332330401217261,0.012721055094449414,0.0003692264674590803,0.4405517578125
-0.3034632988496372,-0.009997633264186725,0.8278864722692532,0.016659396987948112,0.998291015625
0.05637218091899852,0.0021465102071082003,0.08723282321421215,0.0017005392187269622,0.07757568359375
-0.262986128066451,-0.009227771068239878,0.6395133205627775,0.0082331518931006,0.81671142578125
-0.07530827136170294,-0.0030935228308915,0.27165338078447254,0.005713742017997712,0.621826171875
0.16367934944399554,0.007645759408897121,0.5934201103788936,0.01238725839615571,0.023281250000000003
-0.011984172342083804,-0.002727972555868959,0.0018313631420690938,-0.0002447815444481497,0.8596875000000004
-0.005230045175695495,-0.0026076697304330937,0.013649993114499534,0.0006008812752605932,0.7582812500000005
-0.3226976025724257,-0.010357577264367073,0.6839424341757168,0.0191321248815727,1.0
-0.27435124408143524,-0.009382657086987944,0.7078995084090176,0.009420834974000354,0.90869140625
-0.1659181541472719,-0.005907012448068519,0.4213643235455813,0.008620422364022762,0.563232421875
-0.2158050899418631,-0.007469021637330457,0.4836900969955277,0.006526480944525744,0.5086669921875
-0.05332803787767285,-0.0023759494942474863,0.2619132631438707,0.006037976109128844,0.4947509765625
0.04718343593233363,0.0008178529938927368,0.16707546917787763,0.004274928534674029,0.284423828125
0.012098660911083284,-0.0005307235737447214,0.029610950367712573,0.0012102460731331958,0.21221923828125
-0.01647604879460306,-0.002949676222933133,-0.019158431960951523,-0.00085480109005438,0.9520312500000006
0.04241971484097897,0.0007714336469231769,0.08505350997856415,0.0019701912554307153,0.3150000000000001
-0.39419789854146214,-0.01135954607647156,0.35408382121158666,0.004574948669081522,0.62353515625
-0.2526629027621773,-0.00915401572724417,0.5482527929474738,0.006843140574168813,0.63958740234375
-0.03211996012320374,-0.004873785465780071,0.00034108536224573577,-0.00029661695667290906,0.9732812500000005
-0.2794523548343598,-0.00928718641910161,0.1886148952683524,0.0003863578212093553,0.86468505859375
-0.08545590476271261,-0.0034021496756003427,0.2485098321364303,0.0051645570184194085,0.416015625
0.03331086296242283,-0.00011772533551123612,0.15164510026153027,0.0034138899135838113,0.4601562500000002
-0.2626018237684164,-0.009126456336369573,0.4693945439509856,0.007026393445907818,0.781494140625
-0.019145842425330982,-0.0036412284514586724,0.0003212756427597676,8.031073055833469e-5,0.9945068359375
-0.1969531328895335,-0.0068498331742554795,0.5792704146003279,0.006561644434575041,0.33917236328125
-0.0017974601888665774,-0.00106410471033349,0.06654430037933638,0.001902788543697189,0.58538818359375
-0.007330451812107304,-0.003175648783961576,0.1660949320954946,0.006358722624005235,0.7637500000000004
0.0848716992871727,0.0035035740202774483,0.01768469826777965,0.0003477999892964377,0.0053124999999999995
-0.2482596764372368,-0.008936624288548634,0.5376409421886609,0.005489133595268759,0.48590087890625
-0.2561098028594244,-0.00914746558713053,0.5791345078806273,0.006951453548842427,0.69757080078125
-0.01937869776162952,-0.0028521660095581682,0.11577836549142423,0.00800731859650948,0.83416748046875
-0.27614352229414807,-0.00915914751127417,0.9485517343306225,0.025697344593031583,0.9520263671875
-0.10033473291745669,-0.0038773307555374156,0.05031737807352118,0.000959031565264453,0.5203857421875
-0.07305222764164883,-0.0018657237268922503,0.01923626290068815,0.0005211428455982048,0.0
-0.2674773375233171,-0.00901280761484168,0.8541074273485018,0.014440485930006998,0.8116455078125
-0.11818764524042022,-0.004454584999042967,0.4745161855604947,0.006500757085618365,0.3502197265625
-0.18769653855387952,-0.0065628501304175,0.38977552239612145,0.005522799304326707,0.4072265625
0.14417575113202657,0.0064390856797839095,0.06991438693141845,0.0018211989134976892,0.019531250000000007
-0.012534970687960325,-0.0009043256763839281,0.18004397546667347,0.005368238974979053,0.46197509765625
-0.05922451320578291,-0.0025522234641459206,0.25317094640928994,0.005361796887865482,0.43646240234375
-0.08581489692816256,-0.0034674919127326057,0.19680354283799276,0.003048302283120461,0.5755615234375
-0.2541719733873105,-0.008944307289343503,0.1696975445496528,0.0033536567754877578,0.60107421875
-0.14616447127687085,-0.004490096242192383,0.19755022339992415,0.0008868014963236552,0.336181640625
0.02832792362864437,6.631725451056115e-5,0.003874960771403886,0.00014983334623702867,0.20593750000000008
-0.04457953186969725,-0.002026129206026383,0.04189561120080024,0.001098470456231145,0.4874267578125
-0.268277145223026,-0.009122057049162871,0.4989789167719184,0.009341145673811894,0.78460693359375
-0.2025732689268511,-0.007015216461420957,0.24953803668405636,0.0028982752178285777,0.40838623046875
-0.000478057123045513,-0.0016724352094816199,0.0012900396822766729,-7.871748400287893e-5,0.7079687500000004
-0.4053127380426227,-0.01164429818405764,0.004219780468838358,0.00010633244882380204,1.0
-0.14809307309308917,-0.005281716406957406,0.44245689604642624,0.007080195766298051,0.3721923828125
-0.2565456356893276,-0.008928409587455183,0.09390373704452938,0.0003792730857100887,0.72503662109375
-0.017367627407990895,-0.001272399703014208,0.020041716404018785,0.00044793649212769516,0.23919677734375
-0.12355532592866594,-0.004614021176369493,0.05577708240110836,0.0011053901758117115,0.58917236328125
-0.03160462884499632,-0.006329443455121578,0.03491228900764137,0.0029045207744698336,0.75927734375
0.7709309516727333,0.03971597540942305,0.023098490658602637,0.0008941287458361087,0.0
-0.044436943222795955,-0.0020409835451410266,0.054317964320027584,0.0012199251011507874,0.55133056640625
-0.01633936224568291,-0.0028640521892205595,0.0008275655088064516,-0.00022042068876344695,0.8717187500000005
-0.23881897526095508,-0.00860035428734726,0.4773299878473105,0.0058783222099720945,0.357666015625
-0.1745818424738705,-0.005367731196785529,0.233100490955649,0.0010552031286400923,0.2919921875
-0.09078290715932687,-0.0035864337193123506,0.2562832441385821,0.005409151032392028,0.44403076171875
0.6205632754629652,0.03308178755877903,0.15000662719935698,0.0040189770770049146,0.0
0.010930102442621015,-0.0004291862879704664,0.031446268412554504,0.001198172851464173,0.20611572265625
0.011883086337191916,-0.0006099969562840147,0.013701485542994305,0.0005440447668626409,0.22406005859375
-0.2186592611702433,-0.00747016226508264,0.44603798941823525,0.006244368663150015,0.4495849609375
-0.2399194827650422,-0.008661599955806254,0.2846420173793902,0.0024117855931890847,0.3070068359375
0.045236650672220095,0.0007124843095310164,0.05591611792962199,0.00129631417555866,0.2806250000000001
0.20144738270972842,0.009648583870151972,0.07639956147011849,0.0018201945110152915,0.02046875
0.0998911165802096,0.003908285966092837,0.04798669976738622,0.0005019144722921063,0.0
-0.12278676595630182,-0.0034432145902683264,0.21705633326334373,0.0022284569775498147,0.21673583984375
-0.03164023967627249,-0.0015816807201638318,0.024340334441680978,0.0007222231126715003,0.44573974609375
-0.24176184579980403,-0.008087884190292372,0.5462758722468289,0.007793598998886464,0.406982421875
-0.0030443839037755573,-0.0007287659076181373,0.004938013920085113,0.00029346976594641765,0.59857177734375
-0.2579722017140281,-0.009008319896368602,0.3114346608400434,0.0032613395338328974,0.61749267578125
0.13265209656664004,0.005856296575770901,0.07423862149070623,0.00188863414015372,0.022656250000000006
-0.2990196387815233,-0.009872254814314588,0.6206920814809334,0.011193249062402467,0.99163818359375
-0.3783189072628078,-0.011235160888039173,0.10905163485650197,0.0015039615519888377,0.84161376953125
-0.25217865578863063,-0.008740914841690695,0.16159408122136906,0.003729914595528046,0.42718505859375
-0.45533411581962957,-0.014040215900616913,0.325678913156028,0.00035525865804581294,1.0
-0.07045652186227379,-0.002908416797387914,0.031134732942486212,0.00041239502798136904,0.34814453125
-0.17596472997991616,-0.005872208012813288,0.15433167034966136,0.0005645724323904469,0.25140380859375
-0.034268952850159,-0.004564235053868638,0.03458042291006219,0.0011608921800602147,0.8876562500000005
0.062395553713014036,0.0023198253950211852,0.187057851564083,0.003740157149596933,0.2118750000000001
-0.2597215234780651,-0.009094844418680442,0.5694138543072722,0.006160175232736964,0.6475830078125
-0.2515235066652026,-0.009164528286069699,0.0692214618229596,0.0010642829063070563,0.68377685546875
0.03727126744898194,0.0005462141674228955,0.031213205200061066,0.0009837807806380278,0.2473437500000001
0.10994359510029063,0.004448818477382141,0.05494648592099896,0.0015225943385747491,0.029843750000000002
-0.2597421763089333,-0.00898252250194508,0.47672780949603455,0.007504151283111668,0.62091064453125
-0.212165380885732,-0.007280898585410284,0.07888022787587917,0.0012389096766479608,0.60150146484375
-0.2572971217656892,-0.00912612977513853,0.5584715551033534,0.0055809130135631106,0.7012939453125
-0.01183815460826582,-0.00397069659274806,0.31275215744693274,0.013723074896378386,0.7371875000000003
0.12916100836775027,0.005738527285083957,0.047659072711416006,0.0012077305365841172,0.0
0.1264828849965746,0.005614828604158426,0.07575264309894021,0.0018999479300053266,0.01578125
0.0956757889000999,0.003628820349731422,0.20720742111173454,0.004224186136021469,0.2014062500000001
-0.27044351812133993,-0.008982733992418482,1.2185352402565097,0.026587841996738675,0.78350830078125
-0.03725559692877347,-0.0049891223464408555,-0.0021128530859216782,-3.216168746791092e-5,0.9935937500000006
0.18795829968626482,0.009048037764849793,0.013349267462735055,0.00015431883342583832,0.00015625
0.13713834455617444,0.0061714917394956,0.0943256995151971,0.0021043041373761387,0.01859375
0.15939388147515657,0.007407517066903358,0.05656102849425896,0.0015262943024594339,0.0075
0.09805552507730901,0.003642679561152885,0.08814102213142398,0.0013547587867888994,0.08406250000000003
-0.3413977905650497,-0.010282835653089439,0.36322393853436613,0.001143715911247815,0.6834716796875
-0.21817591689992247,-0.007457357882246558,0.461988586887286,0.005683601540547463,0.42919921875
0.24523936591992332,0.01222928674008748,0.011346757738980166,-4.9366234337943894e-5,0.0
-0.007274842701038175,-0.0009979843731203278,0.1212247173579618,0.004096849798818468,0.59637451171875
-0.002321989862206421,-0.0006038599585355212,0.01285610536674599,0.0004950979258364731,0.46624755859375
-0.11399174576890019,-0.004300046005545111,0.360747358337707,0.007766304325955521,0.54296875
-0.007820810998754908,-0.0022102729806828298,-0.00687868909660518,0.0003396549390606911,0.8720312500000005
-0.0038727699045732413,-0.0007096116357743949,0.0996155135769374,0.005401645260781947,0.5244140625
-0.03455418458770998,-0.004557051293574365,-0.006269386993393503,-5.621886349517618e-5,0.83099365234375
0.030619828793024693,-0.0002770059604051542,0.020919709485806202,0.0009820976245695553,0.11627197265625
-0.10336706797039229,-0.003007416408704763,0.2041253058231959,0.0008502687166009339,0.2237548828125
-0.0011011297724292828,-0.0018600174417015666,0.0013392242862617211,-4.9746608931275e-6,0.6403125000000003
-0.24330010029994847,-0.008725077476764598,0.2203643818937744,0.0014531954462657234,0.4794921875
-0.20635821746402125,-0.007196639585421468,0.41317374756719055,0.005910402023127796,0.53302001953125
-0.25604923889856146,-0.009190908613319724,0.40199007749975163,0.00666358107865105,0.72418212890625
-0.257901149000368,-0.008884273738300363,0.3228161672100123,0.003747699489101832,0.6060791015625
0.09371119005164323,0.0038039415411282125,0.004943128900870053,0.00011147023873776591,0.017343750000000005
-0.2605108271776703,-0.009023817208338008,0.47000194871117124,0.00735774536060039,0.7005615234375
0.029256554173376036,-0.00017409773692951113,0.048120072354066935,0.001206952331485367,0.3942187500000001
-0.01650556385409864,-0.003691571033563597,0.04650432162756362,0.001539106480913025,0.7471875000000003
-0.007113077292905557,-0.0016548286464285302,0.0005469237791811258,9.409745964487014e-5,0.9087500000000004
-0.047102701800086945,-0.005864710688051423,0.030271022860784237,0.0008859961454982556,0.9590625000000006
0.11043188405125766,0.004846349976431749,0.018589618490900003,0.0002493080604139403,0.054843750000000004
-0.06910062892179755,-0.0025276738225699885,0.0511271514483594,0.0004684813681470845,0.10308837890625
0.11033991395877671,0.004475178704226066,0.08183393499084991,0.0021994348285429115,0.004843749999999999
-0.002813652682821162,-0.000677543003370569,0.1063970683399318,0.0024340461649441044,0.35784912109375
0.15844907698615796,0.007406014458421576,0.010984855417760812,0.0001724514755526789,0.011875000000000004
0.017296035192804548,-0.0003953032916093372,0.02930323706300589,0.0010943835900826353,0.24102783203125
-0.02450425453053292,-0.0039043609247910124,0.0008235033128818416,-9.709989411744383e-5,0.9817187500000006
-0.026764358111164194,-0.004605986455287605,0.007025566480180285,0.00021027925259164393,0.9350000000000005
0.07324483065636753,0.0027411820353561455,0.08302396547077198,0.0015129744239570642,0.04703125000000001
0.039461797633614654,0.0006906930439294528,0.06079405147060104,0.001411107807895417,0.32406250000000014
-0.0180448047307125,-0.002388739125632061,0.02922048459961534,0.0010044410557271564,0.6104736328125
-0.13161152424391698,-0.004894647034104727,0.47448341610631056,0.006792847667728954,0.38433837890625
-0.11475206022987365,-0.004418489664498917,0.22419081304551233,0.0034917430244757156,0.62225341796875
0.03735757621694661,0.0004573515813229764,0.049776267895878364,0.0014186101375717674,0.2862500000000001
-0.26146419942929583,-0.008942713326582133,0.4916015194920731,0.008784259407460733,0.65936279296875
-0.14974983901845515,-0.0055011267066052425,0.4041479349792778,0.006953526076411513,0.48046875
-0.06131222592260108,-0.002632875316476494,0.16233037338834633,0.0026933444261637235,0.53656005859375
-0.0010691718552825742,-0.0005988782484460169,0.023294579345717478,0.0010305640894454889,0.4954833984375
-0.24448197160564356,-0.008701715576752471,0.292977874691283,0.0026285632565430225,0.3651123046875
-0.37004948908800445,-0.011153661710438346,0.26173881491137335,0.0017500561267393532,0.5382080078125
-0.0025542903740602596,-0.000558000325510596,0.1157911016372436,0.002033044183521683,0.17572021484375
-0.003021222479016652,-0.0016719660914320323,-0.001677593412275778,8.870021221547943e-5,0.7054687500000003
-0.2878989006171583,-0.009512101449599781,0.053582798753356184,0.000925455644243357,0.87591552734375
-0.37553882996794136,-0.011634050124501881,0.299966339432376,0.0010025226269650442,0.94110107421875
0.02060929469387273,-0.0008459880059298101,0.0546865626616878,0.001036547115685346,0.4693750000000002
-0.1284014952991056,-0.004770231121314096,0.04725647982415611,0.0008116793826935531,0.5433349609375
-0.2617647461887455,-0.009128728751797342,0.18283255587480854,0.0006802331126817975,0.82611083984375
0.8905896400570855,0.04773287456815636,0.05968581364767722,0.002604723846374974,0.00015625
0.14856676948665273,0.006742546785306969,0.07668438740007393,0.0017855027549302505,0.0040625
-0.2609076122794579,-0.008787785172077756,0.51214302027805,0.010348119494274723,0.54022216796875
-0.15906013829471694,-0.005756119039964096,0.09879702674340804,0.0018375026052468455,0.63848876953125
-0.09745175494822048,-0.00368635188182068,0.03417379451326418,0.00034403007655958685,0.29168701171875
-0.26240494164960426,-0.009009447494203755,0.5696574428555106,0.014348710514069508,0.7469482421875
-0.01381190554169358,-0.000979293632734847,0.16468897821777229,0.0043548096090614006,0.47552490234375
-0.17327008430489527,-0.006135178809127556,0.3882364323264512,0.005559055086229775,0.39617919921875
-0.27256841345705435,-0.009148590110146565,0.1774698383729775,0.00037050615446794613,0.82977294921875
-0.17737416625110747,-0.005357952060763883,0.13585336960971117,0.001006029048276489,0.273193359375
-0.23686150960594438,-0.008002579477377581,0.4494480193473288,0.0063383028201662635,0.45941162109375
-0.25088098181944724,-0.009112188181970394,0.5029428293569848,0.006037221768179577,0.591796875
-0.06376635940260224,-0.0026656046002385184,0.27786781850453585,0.005776485407418186,0.48736572265625
-0.002824504365385736,-0.0007340425381919746,0.07565223627132292,0.0017680809936451906,0.350341796875
-0.2657537438156274,-0.009018433718432892,0.31843862608600204,0.0006926669532712744,0.8104248046875
-0.008721526070598704,-0.0019302772886786992,-0.00017558169819867743,2.756897707676452e-5,0.8404687500000005
-0.2706834786179329,-0.00920306073391126,0.5039699864119778,0.009344045984238198,0.8323974609375
-0.0013241136779974965,-0.002061447153434675,0.005982264513387061,-2.569980838259832e-5,0.7453125000000005
0.0025808720001740475,-0.0004445934414642859,0.0263203292560602,0.00075713798290183,0.31243896484375
-0.24168015080222557,-0.008723264143684241,0.5078896035420234,0.006503667850021799,0.39324951171875
-0.21051894918957675,-0.007214870270254644,0.442867544142433,0.005780075044119776,0.39776611328125
0.0999305543490898,0.004153431164511309,0.04463372924310586,0.0011185516808604819,0.01875
0.12234237883823859,0.00536658092804633,0.06876374181676562,0.0009289554623785364,0.028437500000000008
-0.0008833785907059452,-0.00061018579822029,0.04194290606773307,0.0012607448319946056,0.25115966796875
0.7948309313822627,0.041842703026397345,0.03650729799676851,0.0014204719327270987,0.0
0.9066774720882944,0.04711233884649506,0.019812800604478417,0.0009392349317584058,0.0
-0.26554255915417824,-0.008101822889807897,0.14245926879046125,0.0011564058817607346,0.504150390625
-0.16880106257651684,-0.004838311738931356,0.20292123462479789,0.002318141976961371,0.2830810546875
-0.051227397802458004,-0.005870653406023612,-0.002811071195960706,-0.00010622146509262843,1.0
-0.03279214131023723,-0.0012779411936689514,0.06760005811007795,0.0008074829284438634,0.21826171875
-0.07305222764164883,-0.0018657237268922503,0.01923626290068815,0.0005211428455982048,0.0
0.110747769511866,0.004635587106651733,0.05922879519551669,0.0014694003791134783,0.014843750000000003
-0.09055479297952339,-0.0037134474568924834,0.03808143786348896,0.00047259478687594256,0.35369873046875
-0.04978873702193095,-0.0022186313051700854,0.2661978275479592,0.0059267818273714395,0.37347412109375
-0.2752734506887688,-0.008539778625252828,0.26415249165182314,0.0012348351256147446,0.6151123046875
0.018132503004511778,-3.58467984988546e-5,0.010312101574699844,0.00024840864347018223,0.20361328125
-0.08097652256332513,-0.0032664174453917926,0.2566772789070644,0.005276832776163464,0.49102783203125
-0.059291661156978655,-0.00255756256323962,0.23925971324284442,0.005534132232462787,0.603515625
-0.01211759301449742,-0.0009750908756473647,0.14618626591167966,0.005923359796128447,0.67327880859375
0.9385208675626433,0.04906024570355832,0.02136282519264121,0.0009126467126419612,0.0
-0.04187123668671736,-0.001992951541981502,0.02297757789927037,0.00040563249657298375,0.2503662109375
-0.2584876312384579,-0.0088318756500108,0.9091006769890486,0.009123127212851991,0.5450439453125
0.026657648921604046,-0.0005132386621295815,0.020620646219115753,0.0010275806528890006,0.09750000000000003
0.018272964847519998,-0.002041200014158094,0.08262237194427516,0.003006483806387584,0.6345312500000003
-0.0056392580610961345,-0.002463128927350588,-1.924876346381166e-5,3.255445485262346e-5,0.8412500000000004
-0.26460092769405863,-0.00794244140032434,0.13620866447888053,0.0008990478707396933,0.33612060546875
0.9768859844707372,0.03400291092867834,1.1788503748406634,0.03903785494079642,0.0
-0.009230779030482056,-0.0036422267706571073,0.1739567206415073,0.007099301024966532,0.7125000000000004
-0.26873147194358615,-0.00931051207035231,0.6723716587949949,0.008928148617185114,0.857421875
-0.3197045331570416,-0.010301584268414892,0.6923427469722184,0.019958039846520573,0.999267578125
0.7448322724645018,0.039318799278781874,0.42451707826192175,0.012818099135565465,0.00109375
0.9911762749879496,0.03229744109498504,3.266678333673017,0.09917983332373498,0.0
-0.13609556262571343,-0.005029479712754265,0.08313529296482852,0.0014978478263961085,0.59521484375
-0.21319962710180776,-0.006310447670694991,0.09360558101012244,0.0014671781604103362,0.2811279296875
0.1242991467943169,0.004984663299352143,0.01123903864719491,0.00016925999951297757,0.0
0.04207107631348983,0.0008893113458997781,0.07229761720821158,0.00150771730748692,0.24250000000000008
-0.25838806568253025,-0.009085313887748813,0.8087119764987142,0.007618832607364121,0.68792724609375
-0.05024752304648238,-0.0053901080579772075,-0.0014279686273282707,-0.00018129840557230036,0.9998437500000006
-0.25047422377192513,-0.008749697167129476,0.0630835079970528,0.0011421250731334963,0.52130126953125
-0.0153957924320319,-0.0036107982949241018,0.06269622595241103,0.002055042724437699,0.8596875000000006
0.020131686891866233,-0.0004626215756607051,0.03837514474186851,0.0029709456806231807,0.310302734375
0.025155995385399244,-7.173549309349296e-5,-0.0019784882681408568,0.0002000928423459492,0.23046875000000006
-0.18443914470848846,-0.0065245372590253745,0.2992596144383775,0.004764205337044391,0.60113525390625
-0.2520842141165678,-0.009149066369720873,0.07185744075856247,0.001101301261880362,0.7161865234375
-0.27493233214428925,-0.009398462374009675,0.715809426267261,0.009193298667116014,0.92138671875
-0.019996165709411165,-0.0012058095316064873,0.15415140753355053,0.004793818669083275,0.5933837890625
-0.0452647440363352,-0.005426079758483829,-0.0006439860614342093,-5.258250612028663e-5,1.0
-0.25631311358988323,-0.009045267001577036,0.4939441769418547,0.008079913585812427,0.66876220703125
0.6664888870065835,0.035861250199625695,0.030360796559769695,0.0009509488072545397,0.0
-0.09861848844055562,-0.0037950238889001447,0.20569178872227725,0.002885549111743955,0.2503662109375
0.03786169332834689,0.000496386595205513,0.055217333712844596,0.0012874189274404567,0.2815625000000001
-0.2277630148615111,-0.006892850383049877,0.1857564250655191,0.0018417162196848202,0.258544921875
-0.2944760616021195,-0.00978254922706621,0.6309342549676115,0.010896510037639728,0.96820068359375
-0.04274353997686067,-0.0051039809319669465,-0.0038987338027618103,-4.340254699926832e-5,0.9998437500000005
-0.2173008427321165,-0.007459146419595323,0.13196753108033196,0.0023581193981297276,0.5919189453125
-0.22834828500866075,-0.007736543210363347,0.2779586393504114,0.002660688475357474,0.2889404296875
-0.2660014335519131,-0.00887202295909425,0.5814962756392572,0.014178357973170741,0.630126953125
0.9247131357383674,0.04822314503311717,0.009692536826300625,0.00043055921344872507,0.0
0.006005363752479649,-0.0006576037950150048,0.0008628688950155909,4.541874785238241e-5,0.4801562500000002
0.01697211305482123,-3.139754029088364e-5,0.08452925781058726,0.001895968924336338,0.22491455078125
-0.26614789529085775,-0.008996696733128999,0.3643125423064885,0.004084874144840261,0.68609619140625
-0.032408222910272275,-0.004486718271701827,-0.005297967534252798,-3.5522750503493224e-5,0.9673437500000004
-0.01352823630790324,-0.0029069913791302557,-0.011794503694102083,4.760838431076377e-5,0.9626562500000004
0.0525480811304802,0.0012540421634864788,0.2906701365464732,0.006735175166635779,0.2157812500000001
-0.006458062375666855,-0.0007854649524129744,0.11712941808581134,0.004065149705181579,0.5677490234375
0.9232578455745175,0.04812290555103267,0.0235991340546745,0.0010735898700786838,0.0
0.11915588003372435,0.0050654166497754475,0.08759372661167193,0.0010608030846719785,0.02921875000000001
-0.27331673947321217,-0.009380278159475407,0.6985483946222169,0.009397393358266979,0.91680908203125
-0.16246967258683118,-0.005829509449879271,0.3626123177423415,0.0060354678569834504,0.43060302734375
-0.2537979707022648,-0.008636933199999555,0.921022661248496,0.010323374617593062,0.52447509765625
0.9097109821786002,0.0484338421058135,0.01565762521696422,0.0006989143164745714,0.0
-0.2700271019802559,-0.008953318622334736,0.5280525424582027,0.005618308505959818,0.79931640625
0.7636532245709919,0.038150221992633036,0.06297047498709125,0.0023001481469057702,0.0
-0.26918029003012794,-0.009292486258351338,0.6897516350652907,0.009006679461514427,0.8387451171875
-0.2621089241486994,-0.0091243569104192,0.5329848466460583,0.011423326589793855,0.83740234375
-0.03765832407931931,-0.005322660033353807,0.005916856109796115,0.00013550077533281673,0.9793750000000006
-0.2290965096562047,-0.007818136045991068,0.34944059653472664,0.004835208778321067,0.63909912109375
-0.12749179278043857,-0.004669638044448895,0.40730137342696504,0.006841120160979205,0.4139404296875
-0.23392399433840844,-0.008261068305727318,0.09899991511479236,0.00040878163878367297,0.27313232421875
-0.3615940092040835,-0.01107427929963089,0.2612741694481659,0.001353883274057281,0.4215087890625
0.09735720752850203,0.0037886038983952408,0.5831658004918973,0.0172849875213774,0.23093750000000007
0.18904794017628546,0.007991247371851848,0.1486512251456699,0.002706938868460053,0.01324462890625
-0.18040086761137167,-0.006318596146311393,0.42308190415448754,0.005040708716673803,0.327392578125
-0.2603574238833349,-0.008818294776793445,0.197743394582318,0.005979669720068223,0.6396484375
-0.06342145159099355,-0.0026635018488017476,0.04927670505826958,0.0011905907447210984,0.53228759765625
-0.1324679902520246,-0.0044938523521674345,0.06074400462981137,0.00034990871667057473,0.16229248046875
-0.005316905474845918,-0.0007659244400403316,0.11667140042907939,0.00528507232544616,0.56781005859375
-0.02126124821472396,-0.004019964980346503,-0.0006035280630245753,0.0002795923620256321,0.98187255859375
-0.0032639406997743282,-0.0019094006212625537,-0.00028661702597207434,0.0002073016066910696,0.7043750000000004
-0.2527409044968666,-0.009045549744614984,0.3649660174214117,0.00602735423436258,0.70916748046875
-0.027931527951876756,-0.004815951888213922,-9.844012840246291e-5,1.4455755041293937e-5,0.99993896484375
-0.047484090492217836,-0.0021544519823803246,0.2110764500548064,0.004467923912310841,0.44366455078125
-0.25195865274892215,-0.009046061319247163,0.09058649710965744,0.0015165563998526782,0.6378173828125
-0.2744168657804744,-0.009309321667388315,0.5993427138982325,0.008224810949542584,0.8187255859375
-0.01604439134877427,-0.0033721188666551464,0.0434604432057095,0.0009485816533555071,0.8335937500000004
-0.046908557657999825,-0.002178154710653127,0.016296171488339672,0.0003727498074694655,0.33453369140625
-0.28490091118817046,-0.009285526457263714,0.9463119034351112,0.029804277105098677,0.8309326171875
-0.2039814077506473,-0.007051634788637657,0.35179248146478576,0.004704897868862356,0.4493408203125
